駅名,都道府県
いりなか,愛知県
こどもの国,愛知県
ささしまライブ,愛知県
ナゴヤドーム前矢田,愛知県
はなみずき通,愛知県
やぐま台,愛知県
りんくう常滑,愛知県
阿久比,愛知県
愛・地球博記念公園,愛知県
愛環梅坪,愛知県
愛知御津,愛知県
愛知大学前,愛知県
逢妻,愛知県
旭前,愛知県
芦原,愛知県
安城,愛知県
伊奈,愛知県
井原,愛知県
一ツ木,愛知県
一社,愛知県
稲永,愛知県
稲荷口,愛知県
稲沢,愛知県
印場,愛知県
宇頭,愛知県
烏森,愛知県
羽黒,愛知県
運動公園前,愛知県
栄,愛知県
栄生,愛知県
栄町,愛知県
永覚,愛知県
永和,愛知県
駅前,愛知県
駅前大通,愛知県
越戸,愛知県
榎戸,愛知県
猿投,愛知県
塩釜口,愛知県
奥町,愛知県
奥田,愛知県
黄金,愛知県
岡崎,愛知県
岡崎公園前,愛知県
乙川,愛知県
下小田井,愛知県
下地,愛知県
加木屋中ノ池,愛知県
河和,愛知県
河和口,愛知県
蟹江,愛知県
開明,愛知県
貝津,愛知県
柿平,愛知県
覚王山,愛知県
楽田,愛知県
笠寺,愛知県
蒲郡,愛知県
蒲郡競艇場前,愛知県
蒲池,愛知県
鎌谷,愛知県
刈谷,愛知県
刈谷市,愛知県
苅安賀,愛知県
観音寺,愛知県
間内,愛知県
丸ノ内,愛知県
丸の内,愛知県
丸渕,愛知県
岩倉,愛知県
岩塚,愛知県
喜多山,愛知県
亀崎,愛知県
亀島,愛知県
吉浜,愛知県
吉良吉田,愛知県
久屋大通,愛知県
牛久保,愛知県
牛山,愛知県
牛田,愛知県
競輪場前,愛知県
共和,愛知県
玉ノ井,愛知県
玉野,愛知県
近鉄蟹江,愛知県
近鉄八田,愛知県
近鉄名古屋,愛知県
近鉄弥富,愛知県
金屋,愛知県
金山,愛知県
金城ふ頭,愛知県
形原,愛知県
芸大通,愛知県
犬山,愛知県
犬山口,愛知県
犬山遊園,愛知県
原,愛知県
古見,愛知県
呼続,愛知県
戸田,愛知県
五ノ三,愛知県
御器所,愛知県
御油,愛知県
公園西,愛知県
向ヶ丘,愛知県
幸田,愛知県
江島,愛知県
江南,愛知県
港区役所,愛知県
港北,愛知県
荒子,愛知県
荒子川公園,愛知県
荒畑,愛知県
高横須賀,愛知県
高岳,愛知県
高師,愛知県
高蔵寺,愛知県
高畑,愛知県
高浜港,愛知県
国際センター,愛知県
国府,愛知県
国府宮,愛知県
黒笹,愛知県
黒川,愛知県
黒田,愛知県
今伊勢,愛知県
今池,愛知県
佐屋,愛知県
佐古木,愛知県
左京山,愛知県
砂田橋,愛知県
坂部,愛知県
桜,愛知県
桜井,愛知県
桜山,愛知県
桜町前,愛知県
桜本町,愛知県
札木,愛知県
三ケ根,愛知県
三河安城,愛知県
三河一宮,愛知県
三河塩津,愛知県
三河荻原,愛知県
三河高浜,愛知県
三河三谷,愛知県
三河鹿島,愛知県
三河上郷,愛知県
三河川合,愛知県
三河大塚,愛知県
三河大野,愛知県
三河知立,愛知県
三河鳥羽,愛知県
三河田原,愛知県
三河東郷,愛知県
三河八橋,愛知県
三河豊田,愛知県
三河槙原,愛知県
三郷,愛知県
三好ヶ丘,愛知県
山王,愛知県
山口,愛知県
山崎,愛知県
四郷,愛知県
市役所前,愛知県
志賀本通,愛知県
寺本,愛知県
自由ヶ丘,愛知県
七宝,愛知県
篠原,愛知県
柴田,愛知県
車道,愛知県
若林,愛知県
守山,愛知県
守山自衛隊前,愛知県
住吉町,愛知県
重原,愛知県
春田,愛知県
春日井,愛知県
緒川,愛知県
勝川,愛知県
勝幡,愛知県
小垣江,愛知県
小坂井,愛知県
小池,愛知県
小田井,愛知県
小田渕,愛知県
小幡,愛知県
小幡緑地,愛知県
小牧,愛知県
小牧原,愛知県
小牧口,愛知県
小本,愛知県
庄内通,愛知県
庄内緑地公園,愛知県
上ゲ,愛知県
上横須賀,愛知県
上丸渕,愛知県
上挙母,愛知県
上社,愛知県
上小田井,愛知県
上前津,愛知県
上飯田,愛知県
上豊田,愛知県
上末,愛知県
上野間,愛知県
常滑,愛知県
浄心,愛知県
浄水,愛知県
植大,愛知県
植田,愛知県
新安城,愛知県
新栄町,愛知県
新守山,愛知県
新上挙母,愛知県
新城,愛知県
新瑞橋,愛知県
新瀬戸,愛知県
新清洲,愛知県
新川,愛知県
新川橋,愛知県
新川町,愛知県
新日鉄前,愛知県
新舞子,愛知県
新豊橋,愛知県
新豊田,愛知県
新木曽川,愛知県
森下,愛知県
森上,愛知県
神宮前,愛知県
神戸,愛知県
神沢,愛知県
神領,愛知県
甚目寺,愛知県
諏訪町,愛知県
須ヶ口,愛知県
吹上,愛知県
水野,愛知県
瑞穂運動場西,愛知県
瑞穂運動場東,愛知県
瑞穂区役所,愛知県
杉山,愛知県
瀬戸口,愛知県
瀬戸市,愛知県
瀬戸市役所前,愛知県
成岩,愛知県
成田山,愛知県
星ヶ丘,愛知県
清洲,愛知県
清水,愛知県
西ノ口,愛知県
西一宮,愛知県
西浦,愛知県
西岡崎,愛知県
西高蔵,愛知県
西春,愛知県
西小坂井,愛知県
西幡豆,愛知県
西尾,愛知県
西尾口,愛知県
西枇杷島,愛知県
青山,愛知県
青塚,愛知県
石刀,愛知県
石浜,愛知県
石仏,愛知県
赤岩口,愛知県
赤池,愛知県
千種,愛知県
川宮,愛知県
川村,愛知県
川名,愛知県
浅間町,愛知県
船町,愛知県
前後,愛知県
前畑,愛知県
善師野,愛知県
相見,愛知県
相生山,愛知県
総合リハビリセンター,愛知県
多屋,愛知県
太閤通,愛知県
太田川,愛知県
大海,愛知県
大江,愛知県
大高,愛知県
大山寺,愛知県
大森・金城学院前,愛知県
大須観音,愛知県
大清水,愛知県
大曽根,愛知県
大同町,愛知県
大府,愛知県
大門,愛知県
大野町,愛知県
大里,愛知県
巽ヶ丘,愛知県
男川,愛知県
知多奥田,愛知県
知多半田,愛知県
知多武豊,愛知県
知立,愛知県
池下,愛知県
池場,愛知県
築地口,愛知県
竹村,愛知県
茶臼山,愛知県
茶屋ヶ坂,愛知県
中岡崎,愛知県
中京競馬場前,愛知県
中小田井,愛知県
中水野,愛知県
中村公園,愛知県
中村日赤,愛知県
中島,愛知県
中部国際空港,愛知県
朝倉,愛知県
町方,愛知県
長浦,愛知県
長久手古戦場,愛知県
長山,愛知県
長篠城,愛知県
鳥居,愛知県
津島,愛知県
鶴舞,愛知県
鶴里,愛知県
定光寺,愛知県
田県神社前,愛知県
土橋,愛知県
島氏永,愛知県
東浦,愛知県
東栄,愛知県
東岡崎,愛知県
東海通,愛知県
東刈谷,愛知県
東山公園,愛知県
東上,愛知県
東新町,愛知県
東成岩,愛知県
東大手,愛知県
東田,愛知県
東田坂上,愛知県
東田中,愛知県
東幡豆,愛知県
東八町,愛知県
東枇杷島,愛知県
東別院,愛知県
東名古屋港,愛知県
桃花台センター,愛知県
桃花台西,愛知県
桃花台東,愛知県
湯谷温泉,愛知県
藤が丘,愛知県
藤川,愛知県
藤浪,愛知県
陶磁資料館南,愛知県
動物園,愛知県
道徳,愛知県
徳重,愛知県
徳重・名古屋芸大,愛知県
内海,愛知県
南安城,愛知県
南栄,愛知県
南加木屋,愛知県
南荒子,愛知県
南桜井,愛知県
南大高,愛知県
二ツ杁,愛知県
二子,愛知県
二川,愛知県
尼ヶ坂,愛知県
日進,愛知県
日長,愛知県
日比野,愛知県
熱田,愛知県
熱田神宮西,愛知県
熱田神宮伝馬町,愛知県
梅坪,愛知県
萩原,愛知県
柏森,愛知県
白沢,愛知県
白沢渓谷,愛知県
八事,愛知県
八事日赤,愛知県
八草,愛知県
八田,愛知県
八幡,愛知県
八幡新田,愛知県
半田,愛知県
半田口,愛知県
比良,愛知県
尾張旭,愛知県
尾張一宮,愛知県
尾張横須賀,愛知県
尾張森岡,愛知県
尾張瀬戸,愛知県
尾張星の宮,愛知県
尾頭橋,愛知県
枇杷島,愛知県
美合,愛知県
美浜緑苑,愛知県
瓢箪山,愛知県
富岡前,愛知県
富貴,愛知県
富吉,愛知県
富士松,愛知県
布袋,愛知県
布土,愛知県
扶桑,愛知県
武豊,愛知県
伏屋,愛知県
伏見,愛知県
福地,愛知県
平安通,愛知県
平戸橋,愛知県
平針,愛知県
米津,愛知県
米野,愛知県
米野木,愛知県
碧海古井,愛知県
碧南,愛知県
碧南中央,愛知県
保見,愛知県
豊橋,愛知県
豊橋公園前,愛知県
豊川,愛知県
豊川稲荷,愛知県
豊田市,愛知県
豊田本町,愛知県
豊島,愛知県
豊明,愛知県
北安城,愛知県
北岡崎,愛知県
北新川,愛知県
北野桝塚,愛知県
堀田,愛知県
堀内公園,愛知県
本笠寺,愛知県
本郷,愛知県
本山,愛知県
本宿,愛知県
本陣,愛知県
本星崎,愛知県
本長篠,愛知県
末野原,愛知県
味岡,愛知県
味美,愛知県
味鋺,愛知県
妙音通,愛知県
妙興寺,愛知県
椋岡,愛知県
名古屋,愛知県
名古屋港,愛知県
名古屋城,愛知県
名古屋大学,愛知県
名城公園,愛知県
名鉄一宮,愛知県
名鉄名古屋,愛知県
名電山中,愛知県
名電赤坂,愛知県
名電長沢,愛知県
名和,愛知県
鳴海,愛知県
鳴子北,愛知県
木曽川,愛知県
木曽川堤,愛知県
木津用水,愛知県
木田,愛知県
野間,愛知県
野跡,愛知県
野田城,愛知県
野田新町,愛知県
野並,愛知県
弥富,愛知県
弥富口,愛知県
矢作橋,愛知県
矢場町,愛知県
矢田,愛知県
柳生橋,愛知県
有松,愛知県
老津,愛知県
六番町,愛知県
六名,愛知県
六輪,愛知県
杁ヶ池公園,愛知県
渕高,愛知県
聚楽園,愛知県
いよ立花,愛媛県
愛大医学部南口,愛媛県
粟井,愛媛県
伊予横田,愛媛県
伊予寒川,愛媛県
伊予亀岡,愛媛県
伊予吉田,愛媛県
伊予宮野下,愛媛県
伊予桜井,愛媛県
伊予三島,愛媛県
伊予三芳,愛媛県
伊予市,愛媛県
伊予出石,愛媛県
伊予小松,愛媛県
伊予上灘,愛媛県
伊予西条,愛媛県
伊予石城,愛媛県
伊予大洲,愛媛県
伊予大平,愛媛県
伊予中山,愛媛県
伊予長浜,愛媛県
伊予土居,愛媛県
伊予白滝,愛媛県
伊予氷見,愛媛県
伊予富田,愛媛県
伊予平野,愛媛県
伊予北条,愛媛県
伊予立川,愛媛県
伊予和気,愛媛県
衣山,愛媛県
宇和島,愛媛県
卯之町,愛媛県
横河原,愛媛県
岡田,愛媛県
下宇和,愛媛県
下灘,愛媛県
鎌田,愛媛県
萱町六丁目,愛媛県
関川,愛媛県
喜多山,愛媛県
喜多灘,愛媛県
菊間,愛媛県
吉野生,愛媛県
久米,愛媛県
宮田町,愛媛県
牛渕,愛媛県
牛渕団地前,愛媛県
玉之江,愛媛県
近永,愛媛県
串,愛媛県
郡中,愛媛県
郡中港,愛媛県
警察署前,愛媛県
県庁前,愛媛県
見奈良,愛媛県
古泉,愛媛県
古町,愛媛県
五十崎,愛媛県
五郎,愛媛県
光洋台,愛媛県
向井原,愛媛県
港山,愛媛県
高光,愛媛県
高砂町,愛媛県
高浜,愛媛県
高野川,愛媛県
今治,愛媛県
三津,愛媛県
三津浜,愛媛県
山西,愛媛県
市坪,愛媛県
市役所前,愛媛県
出目,愛媛県
春賀,愛媛県
勝山町,愛媛県
松丸,愛媛県
松山,愛媛県
松山駅前,愛媛県
松山市,愛媛県
松山市駅前,愛媛県
松前,愛媛県
上一万,愛媛県
上宇和,愛媛県
新居浜,愛媛県
新川,愛媛県
新谷,愛媛県
深田,愛媛県
真土,愛媛県
壬生川,愛媛県
清水町,愛媛県
西衣山,愛媛県
西大洲,愛媛県
西堀端,愛媛県
石手川公園,愛媛県
石鎚山,愛媛県
赤十字病院前,愛媛県
赤星,愛媛県
千丈,愛媛県
川之江,愛媛県
浅海,愛媛県
双岩,愛媛県
多喜浜,愛媛県
大浦,愛媛県
大街道,愛媛県
大手町,愛媛県
大西,愛媛県
大内,愛媛県
鷹ノ子,愛媛県
地蔵町,愛媛県
中萩,愛媛県
鳥ノ木,愛媛県
鉄砲町,愛媛県
田窪,愛媛県
土居田,愛媛県
土橋,愛媛県
道後温泉,愛媛県
道後公園,愛媛県
内子,愛媛県
南伊予,愛媛県
南町,愛媛県
南堀端,愛媛県
二名,愛媛県
波止浜,愛媛県
波方,愛媛県
梅津寺,愛媛県
梅本,愛媛県
八多喜,愛媛県
八幡浜,愛媛県
福音寺,愛媛県
平井,愛媛県
平和通一丁目,愛媛県
北伊予,愛媛県
北宇和島,愛媛県
北久米,愛媛県
堀江,愛媛県
本町一丁目,愛媛県
本町五丁目,愛媛県
本町三丁目,愛媛県
本町四丁目,愛媛県
本町六丁目,愛媛県
務田,愛媛県
木屋町,愛媛県
柳原,愛媛県
余戸,愛媛県
立間,愛媛県
つくば,茨城県
ひぐち,茨城県
ひたち野うしく,茨城県
みどりの,茨城県
みらい平,茨城県
ゆめみ野,茨城県
阿字ヶ浦,茨城県
磯原,茨城県
磯崎,茨城県
稲戸井,茨城県
稲田,茨城県
羽黒,茨城県
羽鳥,茨城県
瓜連,茨城県
榎本,茨城県
延方,茨城県
下館,茨城県
下館二高前,茨城県
下妻,茨城県
下小川,茨城県
下菅谷,茨城県
下野宮,茨城県
河合,茨城県
額田,茨城県
笠間,茨城県
岩間,茨城県
岩瀬,茨城県
牛久,茨城県
玉戸,茨城県
玉川村,茨城県
玉造町,茨城県
玉村,茨城県
玉里,茨城県
金上,茨城県
結城,茨城県
研究学園,茨城県
古河,茨城県
戸頭,茨城県
後台,茨城県
工機前,茨城県
荒川沖,茨城県
荒野台,茨城県
高田の鉄橋,茨城県
高萩,茨城県
高浜,茨城県
黒子,茨城県
佐貫,茨城県
佐和,茨城県
坂戸,茨城県
三妻,茨城県
山方宿,茨城県
四箇村,茨城県
寺原,茨城県
鹿島サッカースタジアム（臨）,茨城県
鹿島旭,茨城県
鹿島神宮,茨城県
鹿島大野,茨城県
鹿島灘,茨城県
宍戸,茨城県
借宿前,茨城県
取手,茨城県
守谷,茨城県
宗道,茨城県
十王,茨城県
勝田,茨城県
小絹,茨城県
小川高校下,茨城県
小田林,茨城県
小木津,茨城県
上小川,茨城県
上菅谷,茨城県
常澄,茨城県
常陸鴻巣,茨城県
常陸小川,茨城県
常陸青柳,茨城県
常陸多賀,茨城県
常陸太田,茨城県
常陸大宮,茨城県
常陸大子,茨城県
常陸津田,茨城県
新高浜,茨城県
新治,茨城県
新取手,茨城県
新守谷,茨城県
新鉾田,茨城県
神立,茨城県
水海道,茨城県
水戸,茨城県
西金,茨城県
西取手,茨城県
静,茨城県
石岡,茨城県
石岡南台,茨城県
石下,茨城県
赤塚,茨城県
折本,茨城県
川島,茨城県
袋田,茨城県
大洗,茨城県
大津港,茨城県
大田郷,茨城県
大宝,茨城県
大洋,茨城県
大和,茨城県
大甕,茨城県
谷河原,茨城県
中根,茨城県
中妻,茨城県
中舟生,茨城県
中菅谷,茨城県
潮来,茨城県
長者ヶ浜潮騒はまなす公園前,茨城県
殿山,茨城県
土浦,茨城県
東海,茨城県
東結城,茨城県
東水戸,茨城県
東田中,茨城県
桃浦,茨城県
藤代,茨城県
騰波ノ江,茨城県
徳宿,茨城県
那珂湊,茨城県
内原,茨城県
南守谷,茨城県
南酒出,茨城県
南石下,茨城県
南中郷,茨城県
日立,茨城県
入地,茨城県
巴川,茨城県
八木蒔,茨城県
美乃浜学園,茨城県
浜,茨城県
福原,茨城県
平磯,茨城県
鉾田,茨城県
北浦湖畔,茨城県
北水海道,茨城県
万博記念公園,茨城県
野上原,茨城県
友部,茨城県
竜ヶ崎,茨城県
龍ケ崎市,茨城県
偕楽園,茨城県
涸沼,茨城県
あわくら温泉,岡山県
いずえ,岡山県
伊部,岡山県
伊里,岡山県
井原,岡山県
井倉,岡山県
院庄,岡山県
宇野,岡山県
浦田,岡山県
栄,岡山県
岡山,岡山県
岡山駅前,岡山県
笠岡,岡山県
鴨方,岡山県
寒河,岡山県
岩山,岡山県
亀甲,岡山県
吉永,岡山県
吉備真備,岡山県
吉備津,岡山県
久々原,岡山県
久世,岡山県
宮本武蔵,岡山県
弓削,岡山県
球場前,岡山県
玉柏,岡山県
金光,岡山県
金川,岡山県
熊山,岡山県
刑部,岡山県
月田,岡山県
建部,岡山県
県庁通り,岡山県
古見,岡山県
香登,岡山県
高島,岡山県
高野,岡山県
豪渓,岡山県
佐良山,岡山県
坂根,岡山県
三浦,岡山県
三石,岡山県
三谷,岡山県
三菱自工前,岡山県
子守唄の里高屋,岡山県
市岡,岡山県
児島,岡山県
勝間田,岡山県
小橋,岡山県
小原,岡山県
小田,岡山県
上の町,岡山県
上道,岡山県
城下,岡山県
常山,岡山県
常盤,岡山県
植松,岡山県
新郷,岡山県
新見,岡山県
新西大寺町筋,岡山県
新倉敷,岡山県
神目,岡山県
水島,岡山県
瀬戸,岡山県
清音,岡山県
清輝橋,岡山県
西阿知,岡山県
西粟倉,岡山県
西勝間田,岡山県
西川原,岡山県
西川緑道公園,岡山県
西大寺,岡山県
西大寺町・岡山芸術創造劇場ハレノワ前,岡山県
西富井,岡山県
西片上,岡山県
石蟹,岡山県
川辺宿,岡山県
倉敷,岡山県
倉敷市,岡山県
早雲の里荏原,岡山県
早島,岡山県
総社,岡山県
足守,岡山県
足立,岡山県
大安寺,岡山県
大雲寺前,岡山県
大元,岡山県
大原,岡山県
大多羅,岡山県
大富,岡山県
丹治部,岡山県
誕生寺,岡山県
知和,岡山県
茶屋町,岡山県
中国勝山,岡山県
中庄,岡山県
中納言,岡山県
長船,岡山県
津山,岡山県
津山口,岡山県
坪井,岡山県
庭瀬,岡山県
田町,岡山県
東岡山,岡山県
東山・おかでんミュージアム駅,岡山県
東総社,岡山県
東中央町,岡山県
東津山,岡山県
楢原,岡山県
日羽,岡山県
日生,岡山県
迫川,岡山県
八浜,岡山県
備前一宮,岡山県
備前原,岡山県
備前三門,岡山県
備前西市,岡山県
備前田井,岡山県
備前片岡,岡山県
備前片上,岡山県
備中呉妹,岡山県
備中広瀬,岡山県
備中高松,岡山県
備中高梁,岡山県
備中神代,岡山県
備中川面,岡山県
備中箕島,岡山県
美作加茂,岡山県
美作河井,岡山県
美作江見,岡山県
美作千代,岡山県
美作大崎,岡山県
美作滝尾,岡山県
美作追分,岡山県
美作土居,岡山県
美作落合,岡山県
美袋,岡山県
彦崎,岡山県
富原,岡山県
布原,岡山県
服部,岡山県
福井,岡山県
福渡,岡山県
方谷,岡山県
法界院,岡山県
北長瀬,岡山県
牧山,岡山県
妹尾,岡山県
万富,岡山県
木見,岡山県
木野山,岡山県
門田屋敷,岡山県
野々口,岡山県
野馳,岡山県
弥生,岡山県
矢掛,岡山県
矢神,岡山県
柳川,岡山県
邑久,岡山県
郵便局前,岡山県
里庄,岡山県
林野,岡山県
和気,岡山県
おもろまち,沖縄県
てだこ浦西,沖縄県
旭橋,沖縄県
安里,沖縄県
浦添前田,沖縄県
奥武山公園,沖縄県
儀保,沖縄県
経塚,沖縄県
県庁前,沖縄県
古島,沖縄県
市立病院前,沖縄県
首里,沖縄県
小禄,沖縄県
石嶺,沖縄県
赤嶺,沖縄県
那覇空港,沖縄県
美栄橋,沖縄県
牧志,沖縄県
壺川,沖縄県
いわて沼宮内,岩手県
ほっとゆだ,岩手県
ゆだ錦秋湖,岩手県
ゆだ高原,岩手県
綾織,岩手県
綾里,岩手県
安比高原,岩手県
磯鶏,岩手県
一ノ関,岩手県
一の渡,岩手県
一戸,岩手県
鵜住居,岩手県
遠野,岩手県
奥中山高原,岩手県
押角,岩手県
横間,岩手県
横川目,岩手県
下船渡,岩手県
花巻,岩手県
花巻空港,岩手県
花原市,岩手県
花泉,岩手県
角の浜,岩手県
釜石,岩手県
岩ノ下,岩手県
岩根橋,岩手県
岩手刈屋,岩手県
岩手上郷,岩手県
岩手川口,岩手県
岩手船越,岩手県
岩手大川,岩手県
岩手二日町,岩手県
岩手飯岡,岩手県
岩手和井内,岩手県
岩泉,岩手県
岩泉小本,岩手県
岩沢,岩手県
吉浜,岩手県
吉里吉里,岩手県
久慈,岩手県
宮古,岩手県
宮守,岩手県
玉川,岩手県
金ケ崎,岩手県
金田一温泉,岩手県
区界,岩手県
兄畑,岩手県
古館,岩手県
御堂,岩手県
好摩,岩手県
江釣子,岩手県
荒屋新町,岩手県
荒谷前,岩手県
佐羽根,岩手県
細浦,岩手県
三陸,岩手県
山ノ目,岩手県
山岸,岩手県
山口団地,岩手県
紫波中央,岩手県
似内,岩手県
侍浜,岩手県
雫石,岩手県
柴宿,岩手県
種市,岩手県
十府ヶ浦海岸,岩手県
渋民,岩手県
宿戸,岩手県
春木場,岩手県
小屋の畑,岩手県
小岩井,岩手県
小繋,岩手県
小佐野,岩手県
小山田,岩手県
小鳥谷,岩手県
小友,岩手県
小梨,岩手県
松倉,岩手県
松草,岩手県
松尾八幡平,岩手県
上盛岡,岩手県
上米内,岩手県
上有住,岩手県
織笠,岩手県
新花巻,岩手県
新月,岩手県
新田老,岩手県
真滝,岩手県
厨川,岩手県
水沢,岩手県
摺沢,岩手県
晴山,岩手県
清水原,岩手県
盛,岩手県
盛岡,岩手県
青笹,岩手県
青山,岩手県
石鳥谷,岩手県
赤坂田,岩手県
赤渕,岩手県
摂待,岩手県
折壁,岩手県
仙北町,岩手県
千厩,岩手県
千徳,岩手県
川内,岩手県
浅岸,岩手県
浅内,岩手県
前潟,岩手県
前沢,岩手県
巣子,岩手県
足ケ瀬,岩手県
村崎野,岩手県
大釜,岩手県
大更,岩手県
大志田,岩手県
大船渡,岩手県
大槌,岩手県
滝沢,岩手県
竹駒,岩手県
中里,岩手県
津軽石,岩手県
田山,岩手県
田野畑,岩手県
田老,岩手県
斗米,岩手県
土沢,岩手県
唐丹,岩手県
島越,岩手県
東大更,岩手県
藤根,岩手県
洞泉,岩手県
二戸,岩手県
二升石,岩手県
日詰,岩手県
柏木平,岩手県
白井海岸,岩手県
箱石,岩手県
八木沢・宮古短大,岩手県
普代,岩手県
腹帯,岩手県
払川,岩手県
平館,岩手県
平泉,岩手県
平倉,岩手県
平津戸,岩手県
平田,岩手県
平内,岩手県
甫嶺,岩手県
豊間根,岩手県
北上,岩手県
北森,岩手県
堀内,岩手県
鱒沢,岩手県
茂市,岩手県
野田玉川,岩手県
矢越,岩手県
矢幅,岩手県
柳原,岩手県
油島,岩手県
有家,岩手県
陸前高田,岩手県
陸前赤崎,岩手県
陸前矢作,岩手県
陸中宇部,岩手県
陸中夏井,岩手県
陸中山田,岩手県
陸中松川,岩手県
陸中折居,岩手県
陸中川井,岩手県
陸中大橋,岩手県
陸中中野,岩手県
陸中八木,岩手県
陸中門崎,岩手県
陸中野田,岩手県
立川目,岩手県
両石,岩手県
恋し浜,岩手県
浪板海岸,岩手県
六原,岩手県
和賀仙人,岩手県
脇ノ沢,岩手県
猊鼻渓,岩手県
蟇目,岩手県
せきてらす前,岐阜県
みなみ子宝温泉,岐阜県
モレラ岐阜,岐阜県
阿木,岐阜県
烏江,岐阜県
羽場,岐阜県
羽島市役所前,岐阜県
鵜沼,岐阜県
鵜沼宿,岐阜県
奥飛騨温泉口,岐阜県
横屋,岐阜県
下切,岐阜県
下麻生,岐阜県
下油井,岐阜県
下呂,岐阜県
加納,岐阜県
加茂野,岐阜県
可児,岐阜県
可児川,岐阜県
花白温泉,岐阜県
各務ケ原,岐阜県
各務原市役所前,岐阜県
角川,岐阜県
笠松,岐阜県
釜戸,岐阜県
関,岐阜県
関ケ原,岐阜県
関下有知,岐阜県
関口,岐阜県
関市役所前,岐阜県
関富岡,岐阜県
岩村,岐阜県
顔戸,岐阜県
岐南,岐阜県
岐阜,岐阜県
久々野,岐阜県
極楽,岐阜県
駒野,岐阜県
郡上大和,岐阜県
郡上八幡,岐阜県
恵那,岐阜県
古井,岐阜県
古虎渓,岐阜県
御嵩,岐阜県
御嵩口,岐阜県
広神戸,岐阜県
江吉良,岐阜県
荒尾,岐阜県
高科,岐阜県
高山,岐阜県
高田橋,岐阜県
高尾,岐阜県
根本,岐阜県
細畑,岐阜県
坂下,岐阜県
坂祝,岐阜県
坂上,岐阜県
三柿野,岐阜県
山岡,岐阜県
山田,岐阜県
市民公園前,岐阜県
糸貫,岐阜県
自然園前,岐阜県
室,岐阜県
漆山,岐阜県
手力,岐阜県
洲原,岐阜県
十九条,岐阜県
渚,岐阜県
小泉,岐阜県
松森,岐阜県
焼石,岐阜県
上枝,岐阜県
上麻生,岐阜県
上万場,岐阜県
上呂,岐阜県
織部,岐阜県
新羽島,岐阜県
新鵜沼,岐阜県
新加納,岐阜県
新可児,岐阜県
新那加,岐阜県
深戸,岐阜県
神岡鉱山前,岐阜県
神岡大橋,岐阜県
神海,岐阜県
須賀,岐阜県
垂井,岐阜県
水鳥,岐阜県
瑞浪,岐阜県
杉原,岐阜県
杉崎,岐阜県
西可児,岐阜県
西笠松,岐阜県
西岐阜,岐阜県
西大垣,岐阜県
石津,岐阜県
赤池,岐阜県
切通,岐阜県
前平公園,岐阜県
禅昌寺,岐阜県
蘇原,岐阜県
相生,岐阜県
多治見,岐阜県
打保,岐阜県
大外羽,岐阜県
大垣,岐阜県
大中,岐阜県
大島,岐阜県
大矢,岐阜県
谷汲口,岐阜県
樽見,岐阜県
池野,岐阜県
竹鼻,岐阜県
茶所,岐阜県
中川辺,岐阜県
中津川,岐阜県
苧ヶ瀬,岐阜県
長森,岐阜県
田神,岐阜県
土岐市,岐阜県
東赤坂,岐阜県
東大垣,岐阜県
東野,岐阜県
湯の洞温泉口,岐阜県
徳永,岐阜県
那加,岐阜県
鍋原,岐阜県
南宿,岐阜県
二十軒,岐阜県
日当,岐阜県
日本ライン今渡,岐阜県
梅山,岐阜県
白山長滝,岐阜県
白川口,岐阜県
白鳥高原,岐阜県
八坂,岐阜県
飯羽間,岐阜県
飯沼,岐阜県
飛騨一ノ宮,岐阜県
飛騨宮田,岐阜県
飛騨金山,岐阜県
飛騨古川,岐阜県
飛騨国府,岐阜県
飛騨細江,岐阜県
飛騨小坂,岐阜県
飛騨神岡,岐阜県
飛騨中山,岐阜県
飛騨萩原,岐阜県
美江寺,岐阜県
美乃坂本,岐阜県
美濃高田,岐阜県
美濃山崎,岐阜県
美濃市,岐阜県
美濃松山,岐阜県
美濃青柳,岐阜県
美濃赤坂,岐阜県
美濃川合,岐阜県
美濃太田,岐阜県
美濃津屋,岐阜県
美濃白鳥,岐阜県
美濃本郷,岐阜県
美並苅安,岐阜県
姫,岐阜県
不破一色,岐阜県
富加,岐阜県
武並,岐阜県
福野,岐阜県
穂積,岐阜県
母野,岐阜県
北神戸,岐阜県
北大垣,岐阜県
北池野,岐阜県
北濃,岐阜県
北方真桑,岐阜県
本巣,岐阜県
万場,岐阜県
名鉄岐阜,岐阜県
名電各務原,岐阜県
明智,岐阜県
茂住,岐阜県
木知原,岐阜県
木尾,岐阜県
野志,岐阜県
柳津,岐阜県
友江,岐阜県
揖斐,岐阜県
養老,岐阜県
落合川,岐阜県
六軒,岐阜県
えびの,宮崎県
えびの上江,宮崎県
えびの飯野,宮崎県
旭ケ丘,宮崎県
伊比井,宮崎県
運動公園,宮崎県
榎原,宮崎県
延岡,宮崎県
加納,宮崎県
宮崎,宮崎県
宮崎空港,宮崎県
宮崎神宮,宮崎県
京町温泉,宮崎県
串間,宮崎県
五十市,宮崎県
広原,宮崎県
高原,宮崎県
高崎新田,宮崎県
高鍋,宮崎県
佐土原,宮崎県
財光寺,宮崎県
三股,宮崎県
山之口,宮崎県
子供の国,宮崎県
市棚,宮崎県
小内海,宮崎県
小林,宮崎県
真幸,宮崎県
清武,宮崎県
西小林,宮崎県
西都城,宮崎県
青井岳,宮崎県
青島,宮崎県
折生迫,宮崎県
川南,宮崎県
曽山寺,宮崎県
大堂津,宮崎県
谷頭,宮崎県
谷之口,宮崎県
田吉,宮崎県
田野,宮崎県
都城,宮崎県
都農,宮崎県
土々呂,宮崎県
東高崎,宮崎県
東都農,宮崎県
内海,宮崎県
内之田,宮崎県
南延岡,宮崎県
南宮崎,宮崎県
南郷,宮崎県
南日向,宮崎県
南方,宮崎県
日向沓掛,宮崎県
日向市,宮崎県
日向住吉,宮崎県
日向庄内,宮崎県
日向新富,宮崎県
日向前田,宮崎県
日向大束,宮崎県
日向長井,宮崎県
日向北方,宮崎県
日南,宮崎県
美々津,宮崎県
福島高松,宮崎県
福島今町,宮崎県
北延岡,宮崎県
北郷,宮崎県
北川,宮崎県
万ケ塚,宮崎県
木花,宮崎県
餅原,宮崎県
門川,宮崎県
油津,宮崎県
蓮ケ池,宮崎県
飫肥,宮崎県
あおば通,宮城県
あぶくま,宮城県
のの岳,宮城県
愛子,宮城県
愛宕,宮城県
愛宕橋,宮城県
逢隈,宮城県
旭ヶ丘,宮城県
浦宿,宮城県
越河,宮城県
塩釜,宮城県
奥新川,宮城県
横倉,宮城県
岡,宮城県
卸町,宮城県
下馬,宮城県
佳景山,宮城県
歌津,宮城県
河原町,宮城県
角田,宮城県
葛岡,宮城県
館腰,宮城県
丸森,宮城県
岩出山,宮城県
岩沼,宮城県
岩切,宮城県
気仙沼,宮城県
宮城野原,宮城県
宮城野通,宮城県
苦竹,宮城県
熊ケ根,宮城県
栗駒,宮城県
栗原田町,宮城県
古川,宮城県
五橋,宮城県
御岳堂,宮城県
勾当台公園,宮城県
広瀬通,宮城県
荒井,宮城県
荒町,宮城県
高城町,宮城県
国見,宮城県
国際センター,宮城県
国府多賀城,宮城県
黒松,宮城県
最知,宮城県
細倉マインパーク前,宮城県
坂元,宮城県
作並,宮城県
山下,宮城県
志津川,宮城県
鹿妻,宮城県
鹿折唐桑,宮城県
鹿島台,宮城県
鹿又,宮城県
蛇田,宮城県
若柳,宮城県
手樽,宮城県
女川,宮城県
小牛田,宮城県
小金沢,宮城県
小鶴新田,宮城県
松岩,宮城県
松山町,宮城県
松島,宮城県
松島海岸,宮城県
上鹿折,宮城県
上野目,宮城県
上涌谷,宮城県
新田,宮城県
新利府,宮城県
杉橋,宮城県
瀬峰,宮城県
清水浜,宮城県
西塩釜,宮城県
西古川,宮城県
西仙台ハイランド,宮城県
西大崎,宮城県
青葉山,宮城県
青葉通一番町,宮城県
石越,宮城県
石巻,宮城県
石巻あゆみ野,宮城県
仙台,宮城県
仙台空港,宮城県
川渡温泉,宮城県
川内,宮城県
泉中央,宮城県
船岡,宮城県
前谷地,宮城県
曽波神,宮城県
蔵内,宮城県
多賀城,宮城県
太子堂,宮城県
台原,宮城県
大岡,宮城県
大岡小前,宮城県
大河原,宮城県
大谷海岸,宮城県
大町西公園,宮城県
沢田,宮城県
沢辺,宮城県
谷地畑,宮城県
池月,宮城県
中山平温泉,宮城県
中野栄,宮城県
長町,宮城県
長町一丁目,宮城県
長町南,宮城県
鳥矢崎,宮城県
津久毛,宮城県
塚目,宮城県
槻木,宮城県
田尻,宮城県
杜せきのした,宮城県
渡波,宮城県
東塩釜,宮城県
東照宮,宮城県
東仙台,宮城県
東船岡,宮城県
東大崎,宮城県
東白石,宮城県
東北福祉大前,宮城県
東名,宮城県
東矢本,宮城県
南角田,宮城県
南気仙沼,宮城県
南仙台,宮城県
梅ケ沢,宮城県
白石,宮城県
八ツ森,宮城県
八乙女,宮城県
八木山動物公園,宮城県
尾松,宮城県
美田園,宮城県
品井沼,宮城県
浜吉田,宮城県
不動の沢,宮城県
富沢,宮城県
福田町,宮城県
北浦,宮城県
北丸森,宮城県
北山,宮城県
北四番丁,宮城県
北仙台,宮城県
北白川,宮城県
本塩釜,宮城県
本吉,宮城県
万石浦,宮城県
名取,宮城県
鳴子温泉,宮城県
鳴子御殿湯,宮城県
野蒜,宮城県
矢本,宮城県
薬師堂,宮城県
柳津,宮城県
有備館,宮城県
有壁,宮城県
涌谷,宮城県
利府,宮城県
陸前稲井,宮城県
陸前横山,宮城県
陸前階上,宮城県
陸前原ノ町,宮城県
陸前戸倉,宮城県
陸前港,宮城県
陸前高砂,宮城県
陸前山王,宮城県
陸前山下,宮城県
陸前小泉,宮城県
陸前小野,宮城県
陸前赤井,宮城県
陸前大塚,宮城県
陸前谷地,宮城県
陸前白沢,宮城県
陸前浜田,宮城県
陸前富山,宮城県
陸前豊里,宮城県
陸前落合,宮城県
連坊,宮城県
六丁の目,宮城県
和渕,宮城県
亘理,宮城県
榴ケ岡,宮城県
鶯沢,宮城県
鶯沢工業高校前,宮城県
ＪＲ三山木,京都府
ＪＲ小倉,京都府
ＪＲ藤森,京都府
かぶと山,京都府
くいな橋,京都府
ケーブル八幡宮口,京都府
ケーブル八幡宮山上,京都府
トロッコ亀岡,京都府
トロッコ嵯峨,京都府
トロッコ保津峡,京都府
トロッコ嵐山,京都府
綾部,京都府
安栖里,京都府
鞍馬,京都府
鞍馬口,京都府
伊勢田,京都府
一乗寺,京都府
稲荷,京都府
宇治,京都府
宇多野,京都府
烏丸,京都府
烏丸御池,京都府
円町,京都府
園部,京都府
黄檗,京都府
下狛,京都府
下山,京都府
下天津,京都府
下夜久野,京都府
加茂,京都府
花園,京都府
笠置,京都府
観月橋,京都府
丸太町,京都府
岩倉,京都府
岩滝口,京都府
喜多,京都府
貴船口,京都府
亀岡,京都府
祇園四条,京都府
吉富,京都府
久津川,京都府
久美浜,京都府
宮村,京都府
宮津,京都府
京阪山科,京都府
京丹後大宮,京都府
京田辺,京都府
京都,京都府
京都河原町,京都府
京都市役所前,京都府
京都精華大前,京都府
橋本,京都府
興戸,京都府
玉水,京都府
近鉄宮津,京都府
近鉄丹波橋,京都府
九条,京都府
栗田,京都府
桂,京都府
桂川,京都府
月ケ瀬口,京都府
元田中,京都府
胡麻,京都府
五条,京都府
御室仁和寺,京都府
御陵,京都府
公庄,京都府
向島,京都府
向日町,京都府
荒河かしの木台,京都府
高津,京都府
国際会館,京都府
狛田,京都府
今出川,京都府
嵯峨嵐山,京都府
撮影所前,京都府
三山木,京都府
三室戸,京都府
三条,京都府
三条京阪,京都府
三宅八幡,京都府
山ノ内,京都府
山家,京都府
山科,京都府
山崎,京都府
山城青谷,京都府
山城多賀,京都府
山田川,京都府
蚕ノ社,京都府
四宮,京都府
四所,京都府
四条,京都府
四条大宮,京都府
市原,京都府
寺田,京都府
鹿王院,京都府
七条,京都府
車折神社,京都府
修学院,京都府
蹴上,京都府
十条,京都府
祝園,京都府
出町柳,京都府
小倉,京都府
小天橋,京都府
小野,京都府
松ヶ崎,京都府
松井山手,京都府
松尾寺,京都府
松尾大社,京都府
上桂,京都府
上狛,京都府
上川口,京都府
上鳥羽口,京都府
上夜久野,京都府
城陽,京都府
常盤,京都府
新祝園,京都府
新田,京都府
新田辺,京都府
真倉,京都府
神宮丸太町,京都府
辛皮,京都府
清水五条,京都府
西院,京都府
西京極,京都府
西向日,京都府
西山天王山,京都府
西大路,京都府
西大路御池,京都府
西大路三条,京都府
西舞鶴,京都府
西木津,京都府
石原,京都府
石清水八幡宮,京都府
石田,京都府
千代川,京都府
船岡,京都府
太秦,京都府
太秦広隆寺,京都府
太秦天神川,京都府
大河原,京都府
大久保,京都府
大宮,京都府
大江,京都府
大江高校前,京都府
大江山口内宮,京都府
大山崎,京都府
大住,京都府
醍醐,京都府
棚倉,京都府
丹後神崎,京都府
丹後由良,京都府
丹波橋,京都府
丹波口,京都府
竹田,京都府
茶山・京都芸術大学,京都府
中書島,京都府
長岡京,京都府
長岡天神,京都府
長池,京都府
鳥羽街道,京都府
天橋立,京都府
東雲,京都府
東向日,京都府
東山,京都府
東寺,京都府
東舞鶴,京都府
東福寺,京都府
東野,京都府
桃山,京都府
桃山御陵前,京都府
桃山南口,京都府
等持院・立命館大学衣笠キャンパス前,京都府
藤森,京都府
同志社前,京都府
二ノ瀬,京都府
二軒茶屋,京都府
二条,京都府
二条城前,京都府
二俣,京都府
日吉,京都府
馬堀,京都府
梅小路京都西,京都府
梅迫,京都府
八瀬比叡山口,京都府
八幡前,京都府
八木,京都府
富野荘,京都府
伏見,京都府
伏見稲荷,京都府
伏見桃山,京都府
福知山,京都府
福知山市民病院口,京都府
淵垣,京都府
並河,京都府
保津峡,京都府
宝ヶ池,京都府
峰山,京都府
北山,京都府
北大路,京都府
北野白梅町,京都府
墨染,京都府
牧,京都府
妙心寺,京都府
鳴滝,京都府
網野,京都府
木津,京都府
木津川台,京都府
木幡,京都府
木野,京都府
有栖川,京都府
夕日ヶ浦木津温泉,京都府
与謝野,京都府
淀,京都府
洛西口,京都府
嵐山,京都府
嵐電嵯峨,京都府
嵐電天神川,京都府
立木,京都府
龍安寺,京都府
龍谷大前深草,京都府
六地蔵,京都府
和知,京都府
帷子ノ辻,京都府
椥辻,京都府
鍼灸大学前,京都府
あさぎり,熊本県
いこいの村,熊本県
おかどめ幸福,熊本県
たのうら御立岬公園,熊本県
阿蘇,熊本県
阿蘇下田城,熊本県
阿蘇白川,熊本県
一勝地,熊本県
一武,熊本県
宇土,熊本県
蔚山町,熊本県
加勢,熊本県
河原町,熊本県
花畑町,熊本県
海浦,熊本県
海路,熊本県
鎌瀬,熊本県
韓々坂,熊本県
亀井,熊本県
祇園橋,熊本県
吉尾,熊本県
宮地,熊本県
球泉洞,熊本県
玉名,熊本県
九品寺交差点,熊本県
熊本,熊本県
熊本駅前,熊本県
熊本高専前,熊本県
熊本城・市役所前,熊本県
慶徳校前,熊本県
健軍交番前,熊本県
健軍校前,熊本県
健軍町,熊本県
県立体育館前,熊本県
見晴台,熊本県
原水,熊本県
呉服町,熊本県
御代志,熊本県
交通局前,熊本県
光の森,熊本県
公立病院前,熊本県
荒尾,熊本県
高森,熊本県
国府,熊本県
黒石,熊本県
黒髪町,熊本県
佐敷,熊本県
再春医療センター前,熊本県
坂本,熊本県
三ツ石,熊本県
三角,熊本県
三里木,熊本県
市ノ川,熊本県
市立体育館前,熊本県
住吉,熊本県
商業高校前,熊本県
小川,熊本県
松橋,熊本県
上熊本,熊本県
上田浦,熊本県
植木,熊本県
新須屋,熊本県
新水前寺,熊本県
新水前寺駅前,熊本県
新水俣,熊本県
新町,熊本県
新鶴羽,熊本県
新八代,熊本県
神水交差点,熊本県
辛島町,熊本県
人吉,熊本県
人吉温泉,熊本県
須屋,熊本県
水前寺,熊本県
水前寺公園,熊本県
水道町,熊本県
水俣,熊本県
崇城大学前,熊本県
杉塘,熊本県
瀬戸石,熊本県
瀬田,熊本県
西熊本,熊本県
西辛島町,熊本県
西人吉,熊本県
西里,熊本県
石打ダム,熊本県
赤水,熊本県
赤瀬,熊本県
千丁,熊本県
川尻,熊本県
川村,熊本県
洗馬橋,熊本県
相良藩願成寺,熊本県
多良木,熊本県
打越,熊本県
袋,熊本県
大畑,熊本県
大野下,熊本県
滝水,熊本県
段,熊本県
段山町,熊本県
池田,熊本県
中松,熊本県
長洲,熊本県
長陽,熊本県
津奈木,熊本県
通町筋,熊本県
坪井川公園,熊本県
田原坂,熊本県
田崎橋,熊本県
渡,熊本県
東海学園前,熊本県
東多良木,熊本県
東免田,熊本県
湯浦,熊本県
湯前,熊本県
藤崎宮前,熊本県
動植物園入口,熊本県
那良口,熊本県
内牧,熊本県
南阿蘇水の生まれる里白水高原,熊本県
南阿蘇白川水源,熊本県
南熊本,熊本県
南荒尾,熊本県
二本木口,熊本県
日奈久温泉,熊本県
波多浦,熊本県
波野,熊本県
白石,熊本県
八景水谷,熊本県
八代,熊本県
八丁馬場,熊本県
肥後伊倉,熊本県
肥後高田,熊本県
肥後西村,熊本県
肥後大津,熊本県
肥後長浜,熊本県
肥後田浦,熊本県
肥後二見,熊本県
富合,熊本県
武蔵塚,熊本県
平成,熊本県
北熊本,熊本県
堀川,熊本県
本妙寺入口,熊本県
味噌天神前,熊本県
網田,熊本県
木上,熊本県
木葉,熊本県
矢岳,熊本県
有佐,熊本県
葉木,熊本県
立野,熊本県
竜田口,熊本県
緑川,熊本県
阿左美,群馬県
安中,群馬県
伊勢崎,群馬県
井野,群馬県
磯部,群馬県
羽根尾,群馬県
運動公園,群馬県
横川,群馬県
下新田,群馬県
下仁田,群馬県
花輪,群馬県
館林,群馬県
丸山下,群馬県
岩宿,群馬県
岩島,群馬県
岩本,群馬県
吉井,群馬県
境町,群馬県
郷原,群馬県
桐生,群馬県
桐生球場前,群馬県
金島,群馬県
駒形,群馬県
群馬原町,群馬県
群馬総社,群馬県
群馬大津,群馬県
群馬藤岡,群馬県
群馬八幡,群馬県
後閑,群馬県
江木,群馬県
高崎,群馬県
高崎商科大学前,群馬県
高崎問屋町,群馬県
剛志,群馬県
国定,群馬県
根小屋,群馬県
佐野のわたし,群馬県
細谷,群馬県
三枚橋,群馬県
三俣,群馬県
山名,群馬県
市城,群馬県
治良門橋,群馬県
篠塚,群馬県
渋川,群馬県
小泉町,群馬県
小中,群馬県
小野上,群馬県
小野上温泉,群馬県
松井田,群馬県
沼田,群馬県
上州一ノ宮,群馬県
上州七日市,群馬県
上州新屋,群馬県
上州富岡,群馬県
上州福島,群馬県
上神梅,群馬県
上泉,群馬県
上牧,群馬県
城東,群馬県
心臓血管センター,群馬県
新伊勢崎,群馬県
新屋,群馬県
新桐生,群馬県
新川,群馬県
新前橋,群馬県
新町,群馬県
新里,群馬県
神戸,群馬県
神農原,群馬県
水沼,群馬県
水上,群馬県
世良田,群馬県
成島,群馬県
西吉井,群馬県
西桐生,群馬県
西山名,群馬県
西小泉,群馬県
西松井田,群馬県
西富岡,群馬県
赤坂,群馬県
赤城,群馬県
千平,群馬県
川原湯温泉,群馬県
川俣,群馬県
前橋,群馬県
前橋大島,群馬県
膳,群馬県
祖母島,群馬県
倉賀野,群馬県
相老,群馬県
多々良,群馬県
太田,群馬県
袋倉,群馬県
大間々,群馬県
大胡,群馬県
大前,群馬県
沢入,群馬県
中央前橋,群馬県
中之条,群馬県
中野,群馬県
長野原草津口,群馬県
津久田,群馬県
天王宿,群馬県
渡瀬,群馬県
土合,群馬県
東小泉,群馬県
東新川,群馬県
東富岡,群馬県
湯檜曽,群馬県
南高崎,群馬県
南蛇井,群馬県
韮川,群馬県
馬庭,群馬県
粕川,群馬県
八木原,群馬県
板倉東洋大前,群馬県
樋越,群馬県
富士山下,群馬県
敷島,群馬県
片貝,群馬県
北原,群馬県
北高崎,群馬県
北藤岡,群馬県
本宿,群馬県
本中野,群馬県
万座・鹿沢口,群馬県
茂林寺前,群馬県
木崎,群馬県
矢倉,群馬県
竜舞,群馬県
藪塚,群馬県
ＪＡ広島病院前,広島県
あき亀山,広島県
かるが浜,広島県
みどり口,広島県
みどり中央,広島県
みどり中街,広島県
阿品,広島県
阿品東,広島県
粟屋,広島県
安浦,広島県
安芸阿賀,広島県
安芸幸崎,広島県
安芸川尻,広島県
安芸中野,広島県
安芸長束,広島県
安芸長浜,広島県
安芸津,広島県
安芸矢口,広島県
安登,広島県
安東,広島県
伊賀和志,広島県
井原市,広島県
井口,広島県
稲荷町,広島県
宇品五丁目,広島県
宇品三丁目,広島県
宇品四丁目,広島県
宇品二丁目,広島県
鵜飼,広島県
駅家,広島県
猿猴橋町,広島県
塩町,広島県
横川,広島県
横川一丁目,広島県
横川駅,広島県
横尾,広島県
下祇園,広島県
下深川,広島県
下川辺,広島県
下和知,広島県
可部,広島県
家庭裁判所前,広島県
河戸帆待川,広島県
河佐,広島県
河内,広島県
海岸通,広島県
海田市,広島県
皆実町二丁目,広島県
皆実町六丁目,広島県
楽々園,広島県
梶田,広島県
観音町,広島県
祇園新橋北,広島県
吉浦,広島県
吉舎,広島県
吉田口,広島県
吉名,広島県
宮島ボートレース場,広島県
宮島口,広島県
宮内,広島県
宮内串戸,広島県
牛田,広島県
近田,広島県
銀山町,広島県
玖村,広島県
玖波,広島県
県庁前,広島県
県病院前,広島県
元宇品口,広島県
原爆ドーム前,広島県
古江,広島県
古市,広島県
古市橋,広島県
戸坂,広島県
戸手,広島県
胡町,広島県
五日市,広島県
呉,広島県
呉ポートピア,広島県
御幸橋,広島県
御領,広島県
向原,広島県
向洋,広島県
広,広島県
広域公園前,広島県
広大附属学校前,広島県
広電阿品,広島県
広電宮島口,広島県
広電五日市,広島県
広電西広島（己斐）,広島県
広電廿日市,広島県
広電本社前,広島県
広島,広島県
広島駅,広島県
広島港（宇品）,広島県
江波,広島県
甲奴,広島県
甲立,広島県
香淀,広島県
高,広島県
高取,広島県
高須,広島県
高木,広島県
佐伯区役所前,広島県
坂,広島県
三原,広島県
三次,広島県
三滝,広島県
三良坂,広島県
山ノ内,広島県
山陽女学園前,広島県
市役所前,広島県
志和口,広島県
志和地,広島県
糸崎,広島県
紙屋町西,広島県
紙屋町東,広島県
寺家,広島県
寺町,広島県
式敷,広島県
七軒茶屋,広島県
七塚,広島県
狩留家,広島県
修大協創中高前,広島県
舟入幸町,広島県
舟入川口町,広島県
舟入町,広島県
舟入南,広島県
舟入本町,広島県
十日市町,広島県
縮景園前,広島県
所木,広島県
女学院前,広島県
商工センター入口,広島県
小屋浦,広島県
小奴可,広島県
小網町,広島県
松永,広島県
松川町,広島県
上安,広島県
上下,広島県
上戸手,広島県
上三田,広島県
上深川,広島県
上川立,広島県
上八木,広島県
城北,広島県
信木,広島県
新井口,広島県
新広,広島県
新市,広島県
新白島,広島県
神杉,広島県
神辺,広島県
仁方,広島県
須波,広島県
水尻,広島県
瀬野,広島県
西観音町,広島県
西原,広島県
西広島,広島県
西高屋,広島県
西三次,広島県
西条,広島県
川原石,広島県
船佐,広島県
前空,広島県
草津,広島県
草津南,広島県
袋町,広島県
大原,広島県
大乗,広島県
大竹,広島県
大町,広島県
大塚,広島県
大門,広島県
大野浦,広島県
鷹野橋,広島県
段原一丁目,広島県
地御前,広島県
竹原,広島県
中筋,広島県
中三田,広島県
中深川,広島県
中電前,広島県
中島,広島県
中畑,広島県
中野東,広島県
忠海,広島県
長楽寺,広島県
長谷,広島県
的場町,広島県
天応,広島県
天神川,広島県
天満町,広島県
土橋,広島県
東高須,広島県
東城,広島県
東尾道,広島県
東福山,広島県
湯田村,広島県
湯野,広島県
道後山,広島県
道上,広島県
内名,広島県
南区役所前,広島県
廿日市,広島県
廿日市市役所前（平良）,広島県
日赤病院前,広島県
入野,広島県
梅林,広島県
白市,広島県
白島,広島県
白木山,広島県
八次,広島県
八丁堀,広島県
八本松,広島県
伴,広島県
伴中央,広島県
比治山下,広島県
比治山橋,広島県
比婆山,広島県
備後安田,広島県
備後三川,広島県
備後三日市,広島県
備後庄原,広島県
備後西城,広島県
備後赤坂,広島県
備後八幡,広島県
備後本庄,広島県
備後矢野,広島県
備後落合,広島県
尾関山,広島県
尾道,広島県
毘沙門台,広島県
不動院前,広島県
府中,広島県
風早,広島県
福山,広島県
福島町,広島県
平子,広島県
別院前,広島県
本郷,広島県
本川町,広島県
本通,広島県
万能倉,広島県
矢賀,広島県
矢野,広島県
油木,広島県
立町,広島県
緑井,広島県
オレンジタウン,香川県
みの,香川県
綾川（イオンモール綾川）,香川県
井戸,香川県
一宮,香川県
引田,香川県
宇多津,香川県
羽間,香川県
羽床,香川県
榎井,香川県
円座,香川県
塩屋,香川県
塩入,香川県
岡田,香川県
岡本,香川県
沖松島,香川県
屋島,香川県
花園,香川県
海岸寺,香川県
学園通り,香川県
潟元,香川県
鴨川,香川県
瓦町,香川県
観音寺,香川県
丸亀,香川県
鬼無,香川県
琴電屋島,香川県
琴電琴平,香川県
琴電志度,香川県
琴平,香川県
金蔵寺,香川県
空港通り,香川県
栗熊,香川県
栗林,香川県
栗林公園,香川県
栗林公園北口,香川県
元山,香川県
原,香川県
古高松,香川県
古高松南,香川県
公文明,香川県
香西,香川県
高松,香川県
高松築港,香川県
高瀬,香川県
高田,香川県
国分,香川県
黒川,香川県
今橋,香川県
坂出,香川県
三条,香川県
三本松,香川県
讃岐塩屋,香川県
讃岐財田,香川県
讃岐相生,香川県
讃岐津田,香川県
讃岐白鳥,香川県
讃岐府中,香川県
讃岐牟礼,香川県
志度,香川県
春日川,香川県
昭和町,香川県
松島二丁目,香川県
神前,香川県
水田,香川県
西前田,香川県
善通寺,香川県
挿頭丘,香川県
造田,香川県
多度津,香川県
太田,香川県
大町,香川県
滝宮,香川県
丹生,香川県
端岡,香川県
池戸,香川県
長尾,香川県
津島ノ宮,香川県
鶴羽,香川県
陶,香川県
農学部前,香川県
白山,香川県
畑田,香川県
八栗,香川県
八栗口,香川県
八栗新道,香川県
八十場,香川県
比地大,香川県
伏石,香川県
仏生山,香川県
平木,香川県
片原町,香川県
豊浜,香川県
房前,香川県
本山,香川県
箕浦,香川県
木太町,香川県
木太東口,香川県
林道,香川県
六万寺,香川県
詫間,香川県
あかおか,高知県
あき総合病院前,高知県
グランド通,高知県
デンテツターミナルビル前,高知県
のいち,高知県
はりまや橋,高知県
よしかわ,高知県
旭,高知県
旭駅前通,高知県
旭町一丁目,高知県
旭町三丁目,高知県
安芸,高知県
安田,高知県
安和,高知県
伊尾木,高知県
伊野,高知県
伊野駅前,高知県
伊野商業前,高知県
伊与喜,高知県
一条橋,高知県
宇治団地前,高知県
影野,高知県
円行寺口,高知県
岡花,高知県
下山,高知県
家地川,高知県
荷稲,高知県
介良通,高知県
海の王迎,高知県
角茂谷,高知県
葛島橋東詰,高知県
鴨部,高知県
宮の奥,高知県
球場前,高知県
鏡川橋,高知県
襟野々,高知県
具同,高知県
窪川,高知県
蛍橋,高知県
穴内,高知県
県庁前,高知県
県立美術館通,高知県
古津賀,高知県
吾桑,高知県
後免,高知県
後免西町,高知県
後免中町,高知県
後免町,高知県
後免東町,高知県
工業団地,高知県
江川崎,高知県
甲浦,高知県
香我美,高知県
高須,高知県
高知,高知県
高知駅前,高知県
高知橋,高知県
高知商業前,高知県
高知城前,高知県
国見,高知県
佐賀公園,高知県
佐川,高知県
菜園場町,高知県
山田西町,高知県
桟橋車庫前,高知県
桟橋通一丁目,高知県
桟橋通五丁目,高知県
桟橋通三丁目,高知県
桟橋通四丁目,高知県
桟橋通二丁目,高知県
枝川,高知県
鹿児,高知県
篠原,高知県
若井,高知県
舟戸,高知県
住吉通,高知県
十川,高知県
宿毛,高知県
曙町,高知県
曙町東町,高知県
小村神社前,高知県
小篭通,高知県
上町一丁目,高知県
上町五丁目,高知県
上町四丁目,高知県
上町二丁目,高知県
新改,高知県
新木,高知県
仁井田,高知県
須崎,高知県
清和学園前,高知県
西ケ方,高知県
西高須,高知県
西佐川,高知県
西大方,高知県
西分,高知県
赤野,高知県
多ノ郷,高知県
打井川,高知県
大間,高知県
大橋通,高知県
大杉,高知県
大田口,高知県
知寄町,高知県
知寄町一丁目,高知県
知寄町三丁目,高知県
知寄町二丁目,高知県
中山,高知県
中村,高知県
朝倉,高知県
朝倉駅前,高知県
朝倉神社前,高知県
長崎,高知県
田辺島通,高知県
田野,高知県
斗賀野,高知県
土佐一宮,高知県
土佐加茂,高知県
土佐岩原,高知県
土佐久礼,高知県
土佐穴内,高知県
土佐佐賀,高知県
土佐山田,高知県
土佐昭和,高知県
土佐上川口,高知県
土佐新荘,高知県
土佐大正,高知県
土佐大津,高知県
土佐長岡,高知県
土佐入野,高知県
土佐白浜,高知県
土佐北川,高知県
唐浜,高知県
東工業前,高知県
東宿毛,高知県
東新木,高知県
奈半利,高知県
日下,高知県
入明,高知県
波川,高知県
梅の辻,高知県
八代通,高知県
半家,高知県
繁藤,高知県
布師田,高知県
浮鞭,高知県
文珠通,高知県
平田,高知県
宝永町,高知県
豊永,高知県
北浦,高知県
北山,高知県
北内,高知県
堀詰,高知県
明見橋,高知県
鳴谷,高知県
夜須,高知県
有井川,高知県
有岡,高知県
立田,高知県
領石通,高知県
蓮池町通,高知県
六反地,高知県
和食,高知県
咥内,高知県
枡形,高知県
薊野,高知県
けやき台,佐賀県
バルーンさが,佐賀県
伊賀屋,佐賀県
伊万里,佐賀県
浦ノ崎,佐賀県
永尾,佐賀県
岩屋,佐賀県
基山,佐賀県
鬼塚,佐賀県
吉野ケ里公園,佐賀県
久原,佐賀県
久保田,佐賀県
牛津,佐賀県
金石原,佐賀県
金武,佐賀県
駒鳴,佐賀県
厳木,佐賀県
江北,佐賀県
高橋,佐賀県
黒川,佐賀県
佐賀,佐賀県
佐里,佐賀県
三間坂,佐賀県
三代橋,佐賀県
山谷,佐賀県
山本,佐賀県
小城,佐賀県
上伊万里,佐賀県
上有田,佐賀県
新鳥栖,佐賀県
神埼,佐賀県
西相知,佐賀県
西唐津,佐賀県
西有田,佐賀県
川東,佐賀県
相知,佐賀県
蔵宿,佐賀県
多久,佐賀県
多良,佐賀県
大川野,佐賀県
大町,佐賀県
大木,佐賀県
中原,佐賀県
中多久,佐賀県
鳥栖,佐賀県
田代,佐賀県
唐津,佐賀県
東山代,佐賀県
東多久,佐賀県
東唐津,佐賀県
桃川,佐賀県
鍋島,佐賀県
楠久,佐賀県
虹ノ松原,佐賀県
波瀬,佐賀県
肥前旭,佐賀県
肥前久保,佐賀県
肥前鹿島,佐賀県
肥前七浦,佐賀県
肥前大浦,佐賀県
肥前長野,佐賀県
肥前白石,佐賀県
肥前飯田,佐賀県
肥前浜,佐賀県
肥前竜王,佐賀県
肥前麓,佐賀県
浜崎,佐賀県
夫婦石,佐賀県
武雄温泉,佐賀県
福島口,佐賀県
北方,佐賀県
本牟田部,佐賀県
鳴石,佐賀県
弥生が丘,佐賀県
有田,佐賀県
里,佐賀県
立野,佐賀県
和多田,佐賀県
さいたま新都心,埼玉県
せんげん台,埼玉県
ソシオ流通センター,埼玉県
つきのわ,埼玉県
ひろせ野鳥の森,埼玉県
ふかや花園,埼玉県
ふじみ野,埼玉県
みずほ台,埼玉県
みなみ寄居,埼玉県
芦ヶ久保,埼玉県
伊奈中央,埼玉県
一ノ割,埼玉県
一本松,埼玉県
稲荷山公園,埼玉県
羽貫,埼玉県
羽生,埼玉県
浦山口,埼玉県
浦和,埼玉県
浦和美園,埼玉県
影森,埼玉県
永田,埼玉県
越生,埼玉県
越谷,埼玉県
越谷レイクタウン,埼玉県
横瀬,埼玉県
岡部,埼玉県
桶川,埼玉県
下山口,埼玉県
加須,埼玉県
加茂宮,埼玉県
花崎,埼玉県
霞ヶ関,埼玉県
皆野,埼玉県
笠幡,埼玉県
蒲生,埼玉県
丸山,埼玉県
岩槻,埼玉県
寄居,埼玉県
吉川,埼玉県
吉川美南,埼玉県
吉野原,埼玉県
久喜,埼玉県
宮原,埼玉県
狭山ヶ丘,埼玉県
狭山市,埼玉県
玉淀,埼玉県
金子,埼玉県
熊谷,埼玉県
栗橋,埼玉県
元加治,埼玉県
原市,埼玉県
戸塚安行,埼玉県
戸田,埼玉県
戸田公園,埼玉県
吾野,埼玉県
御花畑,埼玉県
幸手,埼玉県
航空公園,埼玉県
行田,埼玉県
行田市,埼玉県
高坂,埼玉県
高麗,埼玉県
高麗川,埼玉県
鴻巣,埼玉県
今羽,埼玉県
坂戸,埼玉県
桜沢,埼玉県
三郷,埼玉県
三郷中央,埼玉県
三峰口,埼玉県
志久,埼玉県
志木,埼玉県
指扇,埼玉県
児玉,埼玉県
持田,埼玉県
七里,埼玉県
若葉,埼玉県
春日部,埼玉県
所沢,埼玉県
小手指,埼玉県
小川町,埼玉県
小前田,埼玉県
松久,埼玉県
沼南,埼玉県
上熊谷,埼玉県
上長瀞,埼玉県
上尾,埼玉県
上福岡,埼玉県
新井宿,埼玉県
新越谷,埼玉県
新河岸,埼玉県
新狭山,埼玉県
新郷,埼玉県
新古河,埼玉県
新座,埼玉県
新三郷,埼玉県
新所沢,埼玉県
新田,埼玉県
新白岡,埼玉県
森林公園,埼玉県
深谷,埼玉県
神保原,埼玉県
親鼻,埼玉県
吹上,埼玉県
杉戸高野台,埼玉県
正丸,埼玉県
西羽生,埼玉県
西浦和,埼玉県
西吾野,埼玉県
西所沢,埼玉県
西川越,埼玉県
西川口,埼玉県
西大家,埼玉県
西大宮,埼玉県
西武園ゆうえんち,埼玉県
西武球場前,埼玉県
西武秩父,埼玉県
石原,埼玉県
折原,埼玉県
川越,埼玉県
川越市,埼玉県
川角,埼玉県
川口,埼玉県
川口元郷,埼玉県
草加,埼玉県
大宮,埼玉県
大宮公園,埼玉県
大袋,埼玉県
大麻生,埼玉県
大野原,埼玉県
大和田,埼玉県
谷塚,埼玉県
丹荘,埼玉県
男衾,埼玉県
竹沢,埼玉県
秩父,埼玉県
中浦和,埼玉県
朝霞,埼玉県
朝霞台,埼玉県
長瀞,埼玉県
鶴ヶ島,埼玉県
鶴瀬,埼玉県
的場,埼玉県
鉄道博物館,埼玉県
土呂,埼玉県
東浦和,埼玉県
東岩槻,埼玉県
東宮原,埼玉県
東吾野,埼玉県
東行田,埼玉県
東所沢,埼玉県
東松山,埼玉県
東川口,埼玉県
東大宮,埼玉県
東飯能,埼玉県
東武竹沢,埼玉県
東武動物公園,埼玉県
東毛呂,埼玉県
東鷲宮,埼玉県
藤の牛島,埼玉県
内宿,埼玉県
南羽生,埼玉県
南浦和,埼玉県
南越谷,埼玉県
南栗橋,埼玉県
南古谷,埼玉県
南桜井,埼玉県
南大塚,埼玉県
南鳩ヶ谷,埼玉県
南与野,埼玉県
日進,埼玉県
入間市,埼玉県
入曽,埼玉県
波久礼,埼玉県
白岡,埼玉県
白久,埼玉県
八潮,埼玉県
八木崎,埼玉県
鉢形,埼玉県
鳩ヶ谷,埼玉県
飯能,埼玉県
樋口,埼玉県
姫宮,埼玉県
武州荒木,埼玉県
武州中川,埼玉県
武州長瀬,埼玉県
武州唐沢,埼玉県
武州日野,埼玉県
武川,埼玉県
武蔵浦和,埼玉県
武蔵横手,埼玉県
武蔵高萩,埼玉県
武蔵藤沢,埼玉県
武蔵嵐山,埼玉県
武里,埼玉県
仏子,埼玉県
豊春,埼玉県
北浦和,埼玉県
北越谷,埼玉県
北戸田,埼玉県
北鴻巣,埼玉県
北坂戸,埼玉県
北春日部,埼玉県
北上尾,埼玉県
北大宮,埼玉県
北朝霞,埼玉県
北本,埼玉県
北与野,埼玉県
本庄,埼玉県
本川越,埼玉県
明覚,埼玉県
明戸,埼玉県
毛呂,埼玉県
野上,埼玉県
柳瀬川,埼玉県
柳生,埼玉県
与野,埼玉県
与野本町,埼玉県
用土,埼玉県
蓮田,埼玉県
和戸,埼玉県
和光市,埼玉県
和銅黒谷,埼玉県
鷲宮,埼玉県
蕨,埼玉県
獨協大学前〈草加松原〉,埼玉県
籠原,埼玉県
あすなろう四日市,三重県
阿下喜,三重県
阿曽,三重県
阿倉川,三重県
阿漕,三重県
阿田和,三重県
伊賀上津,三重県
伊賀上野,三重県
伊賀神戸,三重県
伊勢奥津,三重県
伊勢鎌倉,三重県
伊勢市,三重県
伊勢治田,三重県
伊勢若松,三重県
伊勢松本,三重県
伊勢上野,三重県
伊勢石橋,三重県
伊勢川口,三重県
伊勢川島,三重県
伊勢大井,三重県
伊勢竹原,三重県
伊勢中原,三重県
伊勢中川,三重県
伊勢朝日,三重県
伊勢柏崎,三重県
伊勢八太,三重県
伊勢八知,三重県
依那古,三重県
井関,三重県
井田川,三重県
磯山,三重県
一志,三重県
一身田,三重県
宇治山田,三重県
鵜殿,三重県
鵜方,三重県
益生,三重県
塩浜,三重県
下庄,三重県
下深谷,三重県
下野代,三重県
加佐登,三重県
加太,三重県
加茂,三重県
家城,三重県
河曲,三重県
河芸,三重県
河原田,三重県
霞ヶ浦,三重県
賀田,三重県
海山道,三重県
外城田,三重県
茅町,三重県
関,三重県
関ノ宮,三重県
丸山,三重県
紀伊井田,三重県
紀伊市木,三重県
紀伊長島,三重県
亀山,三重県
桔梗が丘,三重県
久居,三重県
宮川,三重県
宮町,三重県
暁学園前,三重県
玉垣,三重県
近鉄四日市,三重県
近鉄長島,三重県
近鉄富田,三重県
九鬼,三重県
櫛田,三重県
沓掛,三重県
熊野市,三重県
桑町,三重県
桑名,三重県
穴川,三重県
穴太,三重県
権現前,三重県
賢島,三重県
菰野,三重県
鼓ヶ浦,三重県
五十鈴ケ丘,三重県
五十鈴川,三重県
五知,三重県
広小路,三重県
江戸橋,三重県
高角,三重県
高茶屋,三重県
高田本山,三重県
佐奈,三重県
佐那具,三重県
斎宮,三重県
在良,三重県
榊原温泉口,三重県
桜,三重県
三瀬谷,三重県
三日市,三重県
三木里,三重県
三野瀬,三重県
三里,三重県
山城,三重県
山田上口,三重県
四十九,三重県
四日市,三重県
市部,三重県
志摩磯部,三重県
志摩横山,三重県
志摩神明,三重県
志摩赤崎,三重県
七和,三重県
小古曽,三重県
小俣,三重県
松ヶ崎,三重県
松下,三重県
松阪,三重県
松尾,三重県
上ノ庄,三重県
上之郷,三重県
上野市,三重県
上林,三重県
新居,三重県
新鹿,三重県
新正,三重県
新堂,三重県
神志山,三重県
星川,三重県
西桑名,三重県
西青山,三重県
西大手,三重県
西藤原,三重県
西日野,三重県
西別所,三重県
西野尻,三重県
青山町,三重県
赤堀,三重県
赤目口,三重県
千代崎,三重県
千里,三重県
川越富洲原,三重県
川原町,三重県
川合高岡,三重県
川添,三重県
船津,三重県
楚原,三重県
漕代,三重県
相可,三重県
相賀,三重県
多気,三重県
多度,三重県
大安,三重県
大羽根園,三重県
大三,三重県
大泉,三重県
大曽根浦,三重県
大内山,三重県
大泊,三重県
大矢知,三重県
滝原,三重県
丹生川,三重県
池の浦,三重県
池の浦シーサイド,三重県
中菰野,三重県
中瀬古,三重県
中川原,三重県
中之郷,三重県
猪田道,三重県
朝熊,三重県
朝日,三重県
長太ノ浦,三重県
長島,三重県
鳥羽,三重県
津,三重県
津新町,三重県
追分,三重県
柘植,三重県
田丸,三重県
島ケ原,三重県
東一身田,三重県
東員,三重県
東松阪,三重県
東青山,三重県
東藤原,三重県
桃園,三重県
湯の山温泉,三重県
徳田,三重県
徳和,三重県
栃原,三重県
内部,三重県
南が丘,三重県
南四日市,三重県
南日永,三重県
楠,三重県
二見浦,三重県
二木島,三重県
日永,三重県
播磨,三重県
波田須,三重県
馬道,三重県
梅ケ谷,三重県
梅戸井,三重県
泊,三重県
白子,三重県
白塚,三重県
白木,三重県
比津,三重県
比土,三重県
尾鷲,三重県
美旗,三重県
富田,三重県
富田浜,三重県
平津,三重県
平田町,三重県
保々,三重県
豊津上野,三重県
北勢中央公園口,三重県
北楠,三重県
麻生田,三重県
箕田,三重県
名張,三重県
明星,三重県
明野,三重県
柳,三重県
有井,三重県
鈴鹿,三重県
鈴鹿サーキット稲生,三重県
鈴鹿市,三重県
蓮花寺,三重県
六軒,三重県
あつみ温泉,山形県
あやめ公園,山形県
おりはた,山形県
かみのやま温泉,山形県
さくらんぼ東根,山形県
芦沢,山形県
鮎貝,山形県
伊佐領,山形県
羽前金沢,山形県
羽前高松,山形県
羽前山辺,山形県
羽前小松,山形県
羽前松岡,山形県
羽前沼沢,山形県
羽前水沢,山形県
羽前成田,山形県
羽前千歳,山形県
羽前前波,山形県
羽前大山,山形県
羽前中山,山形県
羽前長崎,山形県
羽前椿,山形県
羽前豊里,山形県
鵜杉,山形県
釜淵,山形県
寒河江,山形県
関根,山形県
及位,山形県
宮内,山形県
犬川,山形県
古口,山形県
五十川,山形県
荒砥,山形県
高屋,山形県
高瀬,山形県
高畠,山形県
高擶,山形県
今泉,山形県
左沢,山形県
砂越,山形県
最上,山形県
堺田,山形県
三瀬,山形県
山形,山形県
山寺,山形県
蚕桑,山形県
四季の郷,山形県
時庭,山形県
漆山,山形県
柴橋,山形県
手ノ子,山形県
狩川,山形県
酒田,山形県
舟形,山形県
楯山,山形県
女鹿,山形県
升形,山形県
小岩川,山形県
小国,山形県
小波渡,山形県
新庄,山形県
真室川,山形県
神町,山形県
吹浦,山形県
瀬見温泉,山形県
成島,山形県
清川,山形県
西寒河江,山形県
西袋,山形県
西大塚,山形県
西米沢,山形県
赤倉温泉,山形県
赤湯,山形県
泉田,山形県
鼠ケ関,山形県
蔵王,山形県
袖崎,山形県
村山,山形県
大石田,山形県
大滝,山形県
大沢,山形県
大堀,山形県
置賜,山形県
中郡,山形県
中川,山形県
長井,山形県
長沢,山形県
津谷,山形県
鶴岡,山形県
天童,山形県
天童南,山形県
東金井,山形県
東根,山形県
東酒田,山形県
東長沢,山形県
藤島,山形県
峠,山形県
南寒河江,山形県
南出羽,山形県
南新庄,山形県
南長井,山形県
南鳥海,山形県
南米沢,山形県
南野,山形県
南陽市役所,山形県
萩生,山形県
白兎,山形県
板谷,山形県
米沢,山形県
北山形,山形県
北大石田,山形県
北余目,山形県
本楯,山形県
面白山高原,山形県
茂吉記念館前,山形県
遊佐,山形県
余目,山形県
乱川,山形県
梨郷,山形県
立小路,山形県
阿川,山口県
阿知須,山口県
綾羅木,山口県
安岡,山口県
伊上,山口県
宇賀本郷,山口県
宇田郷,山口県
宇部,山口県
宇部新川,山口県
宇部岬,山口県
越ケ浜,山口県
於福,山口県
黄波戸,山口県
下関,山口県
下松,山口県
嘉川,山口県
河山,山口県
梶栗郷台地,山口県
丸尾,山口県
岩国,山口県
岩倉,山口県
岩田,山口県
岩鼻,山口県
岐波,山口県
吉見,山口県
宮野,山口県
居能,山口県
玉江,山口県
錦町,山口県
欽明路,山口県
琴芝,山口県
玖珂,山口県
櫛ケ浜,山口県
戸田,山口県
光,山口県
厚狭,山口県
厚東,山口県
厚保,山口県
江崎,山口県
行波,山口県
高水,山口県
黒井村,山口県
根笠,山口県
妻崎,山口県
三見,山口県
三谷,山口県
山口,山口県
四辻,山口県
四郎ケ原,山口県
篠目,山口県
守内かさ神,山口県
周防下郷,山口県
周防花岡,山口県
周防久保,山口県
周防高森,山口県
周防佐山,山口県
渋木,山口県
重安,山口県
勝間,山口県
小串,山口県
小月,山口県
小野田,山口県
小野田港,山口県
床波,山口県
上嘉川,山口県
上郷,山口県
上山口,山口県
常盤,山口県
埴生,山口県
新下関,山口県
新山口,山口県
新南陽,山口県
深溝,山口県
神代,山口県
人丸,山口県
仁保,山口県
仁保津,山口県
須佐,山口県
雀田,山口県
清流みはらし,山口県
清流新岩国,山口県
生野屋,山口県
西岩国,山口県
仙崎,山口県
川西,山口県
川棚温泉,山口県
船平山,山口県
草江,山口県
大河内,山口県
大歳,山口県
大道,山口県
大畠,山口県
滝部,山口県
地福,山口県
柱野,山口県
長府,山口県
長門粟野,山口県
長門峡,山口県
長門古市,山口県
長門三隅,山口県
長門市,山口県
長門大井,山口県
長門長沢,山口県
長門湯本,山口県
長門二見,山口県
長門本山,山口県
通津,山口県
田布施,山口県
渡川,山口県
島田,山口県
東新川,山口県
東萩,山口県
湯ノ峠,山口県
湯玉,山口県
湯田温泉,山口県
藤生,山口県
徳佐,山口県
徳山,山口県
特牛,山口県
奈古,山口県
鍋倉,山口県
南河内,山口県
南岩国,山口県
南桑,山口県
南小野田,山口県
南大嶺,山口県
南中川,山口県
梅ケ峠,山口県
萩,山口県
幡生,山口県
板持,山口県
飯井,山口県
美祢,山口県
浜河内,山口県
富海,山口県
福江,山口県
福川,山口県
米川,山口県
防府,山口県
北河内,山口県
本由良,山口県
椋野,山口県
名草,山口県
木与,山口県
目出,山口県
矢原,山口県
柳井,山口県
柳井港,山口県
柳瀬,山口県
由宇,山口県
和木,山口県
芦川,山梨県
井出,山梨県
猿橋,山梨県
塩崎,山梨県
塩山,山梨県
塩之沢,山梨県
下吉田,山梨県
下部温泉,山梨県
河口湖,山梨県
禾生,山梨県
鰍沢口,山梨県
寄畑,山梨県
久那土,山梨県
金手,山梨県
穴山,山梨県
月江寺,山梨県
甲斐岩間,山梨県
甲斐住吉,山梨県
甲斐小泉,山梨県
甲斐上野,山梨県
甲斐常葉,山梨県
甲斐大泉,山梨県
甲斐大島,山梨県
甲斐大和,山梨県
甲府,山梨県
国母,山梨県
笹子,山梨県
三つ峠,山梨県
山梨市,山梨県
四方津,山梨県
市ノ瀬,山梨県
市川大門,山梨県
市川本町,山梨県
酒折,山梨県
寿,山梨県
十島,山梨県
十日市場,山梨県
春日居町,山梨県
初狩,山梨県
勝沼ぶどう郷,山梨県
小井川,山梨県
小淵沢,山梨県
上大月,山梨県
上野原,山梨県
常永,山梨県
新府,山梨県
身延,山梨県
清里,山梨県
石和温泉,山梨県
赤坂,山梨県
善光寺,山梨県
大月,山梨県
谷村町,山梨県
長坂,山梨県
鳥沢,山梨県
田野倉,山梨県
都留市,山梨県
都留文科大学前,山梨県
東花輪,山梨県
東桂,山梨県
東山梨,山梨県
内船,山梨県
南甲府,山梨県
日野春,山梨県
韮崎,山梨県
波高島,山梨県
富士急ハイランド,山梨県
富士山,山梨県
落居,山梨県
竜王,山梨県
梁川,山梨県
葭池温泉前,山梨県
おごと温泉,滋賀県
スクリーン,滋賀県
ひこね芹川,滋賀県
びわ湖浜大津,滋賀県
フジテック前,滋賀県
マキノ,滋賀県
愛知川,滋賀県
粟津,滋賀県
安土,滋賀県
安曇川,滋賀県
稲枝,滋賀県
雲井,滋賀県
永原,滋賀県
河瀬,滋賀県
河辺の森,滋賀県
河毛,滋賀県
瓦ヶ浜,滋賀県
貴生川,滋賀県
京セラ前,滋賀県
京阪石山,滋賀県
京阪膳所,滋賀県
京阪大津京,滋賀県
玉桂寺前,滋賀県
錦,滋賀県
近江塩津,滋賀県
近江高島,滋賀県
近江今津,滋賀県
近江神宮前,滋賀県
近江中庄,滋賀県
近江長岡,滋賀県
近江八幡,滋賀県
近江舞子,滋賀県
栗東,滋賀県
穴太,滋賀県
堅田,滋賀県
虎姫,滋賀県
五箇荘,滋賀県
甲賀,滋賀県
甲西,滋賀県
甲南,滋賀県
高宮,滋賀県
高月,滋賀県
坂田,滋賀県
坂本比叡山口,滋賀県
桜川,滋賀県
三井寺,滋賀県
三雲,滋賀県
市辺,滋賀県
志賀,滋賀県
紫香楽宮跡,滋賀県
寺庄,滋賀県
滋賀里,滋賀県
篠原,滋賀県
守山,滋賀県
手原,滋賀県
小野,滋賀県
松ノ馬場,滋賀県
上栄町,滋賀県
信楽,滋賀県
新旭,滋賀県
新八日市,滋賀県
水口,滋賀県
水口松尾,滋賀県
水口城南,滋賀県
水口石橋,滋賀県
瀬田,滋賀県
醒ケ井,滋賀県
石山,滋賀県
石山寺,滋賀県
石場,滋賀県
石部,滋賀県
膳所,滋賀県
膳所本町,滋賀県
草津,滋賀県
多賀大社前,滋賀県
太郎坊宮前,滋賀県
大学前,滋賀県
大谷,滋賀県
大津,滋賀県
大津京,滋賀県
大津市役所前,滋賀県
中ノ庄,滋賀県
朝日大塚,滋賀県
朝日野,滋賀県
長谷野,滋賀県
長浜,滋賀県
鳥居本,滋賀県
勅旨,滋賀県
追分,滋賀県
田村,滋賀県
唐橋前,滋賀県
唐崎,滋賀県
島ノ関,滋賀県
南滋賀,滋賀県
南草津,滋賀県
南彦根,滋賀県
尼子,滋賀県
日野,滋賀県
能登川,滋賀県
柏原,滋賀県
八日市,滋賀県
比叡山坂本,滋賀県
比良,滋賀県
彦根,滋賀県
彦根口,滋賀県
武佐,滋賀県
平田,滋賀県
米原,滋賀県
蓬莱,滋賀県
豊郷,滋賀県
北小松,滋賀県
木ノ本,滋賀県
野洲,滋賀県
油日,滋賀県
余呉,滋賀県
和邇,滋賀県
いづろ通,鹿児島県
阿久根,鹿児島県
姶良,鹿児島県
伊集院,鹿児島県
宇宿,鹿児島県
宇宿一丁目,鹿児島県
頴娃,鹿児島県
頴娃大川,鹿児島県
加治屋町,鹿児島県
加治木,鹿児島県
嘉例川,鹿児島県
開聞,鹿児島県
鴨池,鹿児島県
喜入,鹿児島県
騎射場,鹿児島県
吉松,鹿児島県
宮ケ浜,鹿児島県
牛ノ浜,鹿児島県
錦江,鹿児島県
串木野,鹿児島県
隈之城,鹿児島県
栗野,鹿児島県
郡元,鹿児島県
郡元南,鹿児島県
五位野,鹿児島県
御領,鹿児島県
工学部前,鹿児島県
広木,鹿児島県
甲東中学校前,鹿児島県
荒田八幡,鹿児島県
高見橋,鹿児島県
高見馬場,鹿児島県
高尾野,鹿児島県
国分,鹿児島県
財部,鹿児島県
坂之上,鹿児島県
桜島桟橋通,鹿児島県
笹貫,鹿児島県
薩摩塩屋,鹿児島県
薩摩高城,鹿児島県
薩摩今和泉,鹿児島県
薩摩松元,鹿児島県
薩摩川尻,鹿児島県
薩摩大川,鹿児島県
薩摩板敷,鹿児島県
山川,鹿児島県
市役所前,鹿児島県
市来,鹿児島県
市立病院前,鹿児島県
志布志,鹿児島県
指宿,鹿児島県
慈眼寺,鹿児島県
鹿児島,鹿児島県
鹿児島駅前,鹿児島県
鹿児島中央,鹿児島県
鹿児島中央駅前,鹿児島県
重富,鹿児島県
出水,鹿児島県
純心学園前,鹿児島県
松ケ浦,鹿児島県
上伊集院,鹿児島県
上塩屋,鹿児島県
上川内,鹿児島県
植村,鹿児島県
新屋敷,鹿児島県
神村学園前,鹿児島県
神田（交通局前）,鹿児島県
水成川,鹿児島県
水族館口,鹿児島県
瀬々串,鹿児島県
生見,鹿児島県
西頴娃,鹿児島県
西出水,鹿児島県
西大山,鹿児島県
西方,鹿児島県
石垣,鹿児島県
折口,鹿児島県
仙巌園,鹿児島県
川内,鹿児島県
前之浜,鹿児島県
草道,鹿児島県
大隅横川,鹿児島県
大隅夏井,鹿児島県
大隅大川原,鹿児島県
大山,鹿児島県
谷山,鹿児島県
中郡,鹿児島県
中洲通,鹿児島県
中福良,鹿児島県
中名,鹿児島県
帖佐,鹿児島県
朝日通,鹿児島県
鶴丸,鹿児島県
天文館通,鹿児島県
都通,鹿児島県
唐湊,鹿児島県
東開聞,鹿児島県
東市来,鹿児島県
湯之元,鹿児島県
南鹿児島,鹿児島県
南鹿児島駅前,鹿児島県
二月田,鹿児島県
二軒茶屋,鹿児島県
二中通,鹿児島県
日当山,鹿児島県
入野,鹿児島県
白沢,鹿児島県
隼人,鹿児島県
表木山,鹿児島県
武之橋,鹿児島県
平川,鹿児島県
米ノ津,鹿児島県
北永野田,鹿児島県
北俣,鹿児島県
枕崎,鹿児島県
霧島温泉,鹿児島県
霧島神宮,鹿児島県
木場茶屋,鹿児島県
野田郷,鹿児島県
竜ケ水,鹿児島県
涙橋,鹿児島県
脇田,鹿児島県
あきた白神,秋田県
阿仁マタギ,秋田県
阿仁合,秋田県
阿仁前田温泉,秋田県
鮎川,秋田県
井川さくら,秋田県
院内,秋田県
羽後岩谷,秋田県
羽後亀田,秋田県
羽後牛島,秋田県
羽後境,秋田県
羽後四ツ屋,秋田県
羽後太田,秋田県
羽後中里,秋田県
羽後長戸呂,秋田県
羽後長野,秋田県
羽後飯塚,秋田県
羽後本荘,秋田県
羽立,秋田県
奥阿仁,秋田県
横手,秋田県
横堀,秋田県
下川沿,秋田県
下湯沢,秋田県
下浜,秋田県
角館,秋田県
萱草,秋田県
刈和野,秋田県
岩館,秋田県
岩城みなと,秋田県
岩野目,秋田県
吉沢,秋田県
久保田,秋田県
曲沢,秋田県
金浦,秋田県
桂根,秋田県
桂瀬,秋田県
戸沢,秋田県
後三年,秋田県
鯉川,秋田県
向能代,秋田県
糠沢,秋田県
荒瀬,秋田県
合川,秋田県
黒沢,秋田県
左通,秋田県
三関,秋田県
刺巻,秋田県
四ツ小屋,秋田県
子吉,秋田県
鹿角花輪,秋田県
鹿渡,秋田県
柴平,秋田県
秋田,秋田県
十二所,秋田県
十文字,秋田県
十和田南,秋田県
出戸浜,秋田県
小砂川,秋田県
小松川,秋田県
小渕,秋田県
松葉,秋田県
笑内,秋田県
象潟,秋田県
上杉,秋田県
上湯沢,秋田県
上二田,秋田県
上飯島,秋田県
上桧木内,秋田県
上浜,秋田県
新屋,秋田県
森岳,秋田県
神宮寺,秋田県
神代,秋田県
仁賀保,秋田県
陣場,秋田県
生田,秋田県
西鷹巣,秋田県
西滝沢,秋田県
西明寺,秋田県
西目,秋田県
折渡,秋田県
川辺,秋田県
扇田,秋田県
泉外旭川,秋田県
船越,秋田県
前郷,秋田県
前山,秋田県
前田南,秋田県
早口,秋田県
相野々,秋田県
大館,秋田県
大久保,秋田県
大曲,秋田県
大滝温泉,秋田県
大張野,秋田県
大野台,秋田県
醍醐,秋田県
鷹ノ巣,秋田県
鷹巣,秋田県
滝ノ間,秋田県
沢尻,秋田県
沢目,秋田県
男鹿,秋田県
鳥形,秋田県
追分,秋田県
鶴形,秋田県
天王,秋田県
田沢湖,秋田県
土崎,秋田県
土深井,秋田県
東大館,秋田県
東能代,秋田県
東八森,秋田県
湯瀬温泉,秋田県
湯沢,秋田県
道川,秋田県
縄文小ヶ田,秋田県
二ツ井,秋田県
二田,秋田県
能代,秋田県
白沢,秋田県
八森,秋田県
八津,秋田県
八幡平,秋田県
八郎潟,秋田県
飯詰,秋田県
比立内,秋田県
富根,秋田県
平石,秋田県
米内沢,秋田県
峰吉川,秋田県
北金岡,秋田県
北大曲,秋田県
北能代,秋田県
末広,秋田県
矢島,秋田県
矢美津,秋田県
薬師堂,秋田県
柳田,秋田県
鑓見内,秋田県
陸中大里,秋田県
和田,秋田県
脇本,秋田県
鶯野,秋田県
うらがわら,新潟県
えちご押上ひすい海岸,新潟県
くびき,新潟県
さつき野,新潟県
しんざ,新潟県
ほくほく大島,新潟県
まつだい,新潟県
粟生津,新潟県
安田,新潟県
茨目,新潟県
羽生田,新潟県
浦佐,新潟県
浦本,新潟県
越後下関,新潟県
越後寒川,新潟県
越後岩沢,新潟県
越後岩塚,新潟県
越後金丸,新潟県
越後広瀬,新潟県
越後広田,新潟県
越後鹿渡,新潟県
越後須原,新潟県
越後水沢,新潟県
越後石山,新潟県
越後赤塚,新潟県
越後川口,新潟県
越後曽根,新潟県
越後早川,新潟県
越後大島,新潟県
越後滝谷,新潟県
越後中里,新潟県
越後田沢,新潟県
越後田中,新潟県
越後湯沢,新潟県
越後片貝,新潟県
越後堀之内,新潟県
燕,新潟県
燕三条,新潟県
猿和田,新潟県
塩沢,新潟県
押切,新潟県
荻川,新潟県
下条,新潟県
加治,新潟県
加茂,新潟県
柿ノ木,新潟県
柿崎,新潟県
笠島,新潟県
梶屋敷,新潟県
潟町,新潟県
刈羽,新潟県
巻,新潟県
間島,新潟県
関屋,新潟県
関山,新潟県
岩原スキー場前,新潟県
岩室,新潟県
岩船町,新潟県
亀田,新潟県
吉田,新潟県
宮内,新潟県
魚沼丘陵,新潟県
魚沼中条,新潟県
魚沼田中,新潟県
京ケ瀬,新潟県
桐原,新潟県
金塚,新潟県
桑川,新潟県
鯨波,新潟県
月岡,新潟県
見附,新潟県
古津,新潟県
五十島,新潟県
五泉,新潟県
五日町,新潟県
荒浜,新潟県
高田,新潟県
黒井,新潟県
黒山,新潟県
今川,新潟県
根知,新潟県
佐々木,新潟県
犀潟,新潟県
坂町,新潟県
咲花,新潟県
三条,新潟県
三川,新潟県
市振,新潟県
糸魚川,新潟県
寺泊,新潟県
寺尾,新潟県
鹿瀬,新潟県
十日町,新潟県
出雲崎,新潟県
春日山,新潟県
勝木,新潟県
小出,新潟県
小針,新潟県
小千谷,新潟県
小滝,新潟県
小島谷,新潟県
小木ノ城,新潟県
上越国際スキー場前,新潟県
上越妙高,新潟県
上下浜,新潟県
上所,新潟県
上条,新潟県
新井,新潟県
新潟,新潟県
新潟大学前,新潟県
新関,新潟県
新崎,新潟県
新津,新潟県
新発田,新潟県
神山,新潟県
親不知,新潟県
水原,新潟県
西燕,新潟県
西山,新潟県
西新発田,新潟県
西中通,新潟県
青海,新潟県
青海川,新潟県
青山,新潟県
石打,新潟県
石地,新潟県
前川,新潟県
早通,新潟県
足滝,新潟県
村上,新潟県
帯織,新潟県
大形,新潟県
大沢,新潟県
大池いこいの森,新潟県
大白川,新潟県
谷浜,新潟県
中浦,新潟県
中条,新潟県
虫川大杉,新潟県
長岡,新潟県
長鳥,新潟県
直江津,新潟県
津川,新潟県
津南,新潟県
塚山,新潟県
田上,新潟県
土市,新潟県
土樽,新潟県
土底浜,新潟県
東下条,新潟県
東光寺,新潟県
東三条,新潟県
東新潟,新潟県
東新津,新潟県
東柏崎,新潟県
筒石,新潟県
内ケ巻,新潟県
内野,新潟県
内野西が丘,新潟県
南吉田,新潟県
南高田,新潟県
二本木,新潟県
日出谷,新潟県
入広瀬,新潟県
能生,新潟県
馬下,新潟県
柏崎,新潟県
白山,新潟県
八色,新潟県
美佐島,新潟県
姫川,新潟県
府屋,新潟県
分水,新潟県
平岩,新潟県
平木田,新潟県
平林,新潟県
米山,新潟県
保内,新潟県
豊栄,新潟県
豊実,新潟県
北吉田,新潟県
北五泉,新潟県
北三条,新潟県
北条,新潟県
北新井,新潟県
北長岡,新潟県
北堀之内,新潟県
妙高高原,新潟県
妙法寺,新潟県
名立,新潟県
弥彦,新潟県
矢作,新潟県
矢代田,新潟県
有間川,新潟県
来迎寺,新潟県
礼拝,新潟県
六日町,新潟県
藪神,新潟県
頸城大野,新潟県
ＹＲＰ野比,神奈川県
あざみ野,神奈川県
いずみ中央,神奈川県
いずみ野,神奈川県
かしわ台,神奈川県
こどもの国,神奈川県
さがみ野,神奈川県
センター南,神奈川県
センター北,神奈川県
たまプラーザ,神奈川県
つきみ野,神奈川県
はるひ野,神奈川県
みなとみらい,神奈川県
ゆめが丘,神奈川県
愛甲石田,神奈川県
安針塚,神奈川県
安善,神奈川県
伊勢原,神奈川県
伊勢佐木長者町,神奈川県
衣笠,神奈川県
井細田,神奈川県
井土ヶ谷,神奈川県
磯子,神奈川県
逸見,神奈川県
稲村ヶ崎,神奈川県
稲田堤,神奈川県
羽沢横浜国大,神奈川県
浦賀,神奈川県
横須賀,神奈川県
横須賀中央,神奈川県
横浜,神奈川県
黄金町,神奈川県
恩田,神奈川県
下永谷,神奈川県
下溝,神奈川県
下曽我,神奈川県
下飯田,神奈川県
花月総持寺,神奈川県
海の公園柴口,神奈川県
海の公園南口,神奈川県
海芝浦,神奈川県
海老名,神奈川県
開成,神奈川県
柿生,神奈川県
梶が谷,神奈川県
鎌倉,神奈川県
鎌倉高校前,神奈川県
鴨宮,神奈川県
鴨居,神奈川県
栢山,神奈川県
茅ケ崎,神奈川県
寒川,神奈川県
関内,神奈川県
岸根公園,神奈川県
岩原,神奈川県
希望ヶ丘,神奈川県
菊名,神奈川県
吉野町,神奈川県
久地,神奈川県
久里浜,神奈川県
宮ノ下,神奈川県
宮崎台,神奈川県
宮山,神奈川県
宮前平,神奈川県
京王稲田堤,神奈川県
京急久里浜,神奈川県
京急新子安,神奈川県
京急川崎,神奈川県
京急大津,神奈川県
京急長沢,神奈川県
京急鶴見,神奈川県
京急田浦,神奈川県
京急東神奈川,神奈川県
京急富岡,神奈川県
強羅,神奈川県
橋本,神奈川県
極楽寺,神奈川県
金沢八景,神奈川県
金沢文庫,神奈川県
栗平,神奈川県
穴部,神奈川県
県立大学,神奈川県
元住吉,神奈川県
元町・中華街,神奈川県
原当麻,神奈川県
古淵,神奈川県
戸塚,神奈川県
戸部,神奈川県
五月台,神奈川県
五百羅漢,神奈川県
公園下,神奈川県
公園上,神奈川県
厚木,神奈川県
向ヶ丘遊園,神奈川県
向河原,神奈川県
幸浦,神奈川県
弘明寺,神奈川県
江ノ島,神奈川県
江田,神奈川県
港町,神奈川県
港南台,神奈川県
港南中央,神奈川県
溝の口,神奈川県
綱島,神奈川県
香川,神奈川県
高座渋谷,神奈川県
高津,神奈川県
高田,神奈川県
高島町,神奈川県
国道,神奈川県
国府津,神奈川県
鵠沼,神奈川県
鵠沼海岸,神奈川県
黒川,神奈川県
腰越,神奈川県
根岸,神奈川県
根府川,神奈川県
座間,神奈川県
阪東橋,神奈川県
鷺沼,神奈川県
桜ヶ丘,神奈川県
桜木町,神奈川県
三ツ境,神奈川県
三ツ沢下町,神奈川県
三ツ沢上町,神奈川県
三浦海岸,神奈川県
三崎口,神奈川県
山手,神奈川県
山北,神奈川県
産業振興センター,神奈川県
子安,神奈川県
市が尾,神奈川県
市大医学部,神奈川県
蒔田,神奈川県
汐入,神奈川県
鹿島田,神奈川県
七里ヶ浜,神奈川県
社家,神奈川県
若葉台,神奈川県
十日市場,神奈川県
渋沢,神奈川県
宿河原,神奈川県
小机,神奈川県
小田栄,神奈川県
小田急相模原,神奈川県
小田原,神奈川県
小島新田,神奈川県
小涌谷,神奈川県
昭和,神奈川県
松田,神奈川県
湘南海岸公園,神奈川県
湘南江の島,神奈川県
湘南深沢,神奈川県
湘南台,神奈川県
湘南町屋,神奈川県
上永谷,神奈川県
上強羅,神奈川県
上溝,神奈川県
上星川,神奈川県
上大井,神奈川県
上大岡,神奈川県
尻手,神奈川県
新羽,神奈川県
新横浜,神奈川県
新丸子,神奈川県
新綱島,神奈川県
新高島,神奈川県
新子安,神奈川県
新芝浦,神奈川県
新松田,神奈川県
新杉田,神奈川県
新川崎,神奈川県
新大津,神奈川県
新百合ヶ丘,神奈川県
真鶴,神奈川県
神奈川,神奈川県
神奈川新町,神奈川県
神武寺,神奈川県
秦野,神奈川県
逗子,神奈川県
逗子・葉山,神奈川県
杉田,神奈川県
瀬谷,神奈川県
星川,神奈川県
生田,神奈川県
生麦,神奈川県
西横浜,神奈川県
西鎌倉,神奈川県
西谷,神奈川県
青葉台,神奈川県
石上,神奈川県
石川町,神奈川県
川崎,神奈川県
川崎新町,神奈川県
川崎大師,神奈川県
川和町,神奈川県
扇町,神奈川県
浅野,神奈川県
善行,神奈川県
倉見,神奈川県
早雲山,神奈川県
早川,神奈川県
相武台下,神奈川県
相武台前,神奈川県
相模金子,神奈川県
相模原,神奈川県
相模湖,神奈川県
相模沼田,神奈川県
相模大塚,神奈川県
相模大野,神奈川県
足柄,神奈川県
大磯,神奈川県
大口,神奈川県
大師橋,神奈川県
大川,神奈川県
大船,神奈川県
大倉山,神奈川県
大平台,神奈川県
大雄山,神奈川県
大和,神奈川県
谷峨,神奈川県
中央林間,神奈川県
中強羅,神奈川県
中山,神奈川県
中川,神奈川県
中田,神奈川県
中野島,神奈川県
仲町台,神奈川県
彫刻の森,神奈川県
長後,神奈川県
長谷,神奈川県
長津田,神奈川県
鳥浜,神奈川県
津久井浜,神奈川県
津田山,神奈川県
追浜,神奈川県
塚原,神奈川県
辻堂,神奈川県
鶴ヶ峰,神奈川県
鶴巻温泉,神奈川県
鶴間,神奈川県
鶴見,神奈川県
鶴見市場,神奈川県
鶴見小野,神奈川県
天王町,神奈川県
田浦,神奈川県
田奈,神奈川県
登戸,神奈川県
都筑ふれあいの丘,神奈川県
塔ノ沢,神奈川県
東海大学前,神奈川県
東戸塚,神奈川県
東山田,神奈川県
東山北,神奈川県
東神奈川,神奈川県
東逗子,神奈川県
東白楽,神奈川県
東門前,神奈川県
東林間,神奈川県
湯河原,神奈川県
藤が丘,神奈川県
藤沢,神奈川県
藤沢本町,神奈川県
藤野,神奈川県
読売ランド前,神奈川県
南橋本,神奈川県
南太田,神奈川県
南部市場,神奈川県
南万騎が原,神奈川県
南林間,神奈川県
二宮,神奈川県
二子新地,神奈川県
二俣川,神奈川県
日ノ出町,神奈川県
日吉,神奈川県
日吉本町,神奈川県
日本大通り,神奈川県
入生田,神奈川県
入谷,神奈川県
能見台,神奈川県
馬車道,神奈川県
馬堀海岸,神奈川県
白楽,神奈川県
箱根湯本,神奈川県
箱根板橋,神奈川県
八景島,神奈川県
八丁畷,神奈川県
反町,神奈川県
飯田岡,神奈川県
番田,神奈川県
百合ヶ丘,神奈川県
浜川崎,神奈川県
富士フイルム前,神奈川県
富士見町,神奈川県
富水,神奈川県
武蔵溝ノ口,神奈川県
武蔵小杉,神奈川県
武蔵新城,神奈川県
武蔵中原,神奈川県
武蔵白石,神奈川県
舞岡,神奈川県
風祭,神奈川県
福浦,神奈川県
淵野辺,神奈川県
平間,神奈川県
平沼橋,神奈川県
平塚,神奈川県
並木中央,神奈川県
並木北,神奈川県
片瀬江ノ島,神奈川県
片瀬山,神奈川県
片倉町,神奈川県
弁天橋,神奈川県
保土ケ谷,神奈川県
北鎌倉,神奈川県
北茅ケ崎,神奈川県
北久里浜,神奈川県
北山田,神奈川県
北新横浜,神奈川県
堀ノ内,神奈川県
本郷台,神奈川県
本厚木,神奈川県
本鵠沼,神奈川県
妙蓮寺,神奈川県
目白山下,神奈川県
門沢橋,神奈川県
野島公園,神奈川県
弥生台,神奈川県
矢向,神奈川県
矢部,神奈川県
柳小路,神奈川県
由比ヶ浜,神奈川県
洋光台,神奈川県
踊場,神奈川県
立場,神奈川県
緑園都市,神奈川県
緑町,神奈川県
鈴木町,神奈川県
六浦,神奈川県
六会日大前,神奈川県
和田河原,神奈川県
和田町,神奈川県
和田塚,神奈川県
屏風浦,神奈川県
螢田,神奈川県
ウェスパ椿山,青森県
ひがし野団地,青森県
プレイピア白浜,青森県
芦野公園,青森県
運動公園前,青森県
越水,青森県
奥津軽いまべつ,青森県
奥内,青森県
横磯,青森県
乙供,青森県
下田,青森県
下北,青森県
嘉瀬,青森県
蟹田,青森県
階上,青森県
館田,青森県
義塾高校前,青森県
境松,青森県
郷沢,青森県
近川,青森県
金谷沢,青森県
金浜,青森県
金木,青森県
剣吉,青森県
古里,青森県
五所川原,青森県
五農校前,青森県
後潟,青森県
向山,青森県
工業高校前,青森県
広戸,青森県
弘高下,青森県
弘前,青森県
弘前学院大前,青森県
弘前東高前,青森県
高清水,青森県
黒石,青森県
今別,青森県
左堰,青森県
鯖石,青森県
鮫,青森県
三厩,青森県
三戸,青森県
三沢,青森県
三農校前,青森県
七百,青森県
狩場沢,青森県
種差海岸,青森県
十川,青森県
十二湖,青森県
十和田市,青森県
宿川原,青森県
小栗山,青森県
小川原,青森県
小中野,青森県
小湊,青森県
小柳,青森県
松神,青森県
松木平,青森県
上北町,青森県
新青森,青森県
新里,青森県
深浦,青森県
深郷田,青森県
諏訪ノ平,青森県
吹越,青森県
瀬辺地,青森県
清水川,青森県
聖愛中高前,青森県
西平内,青森県
青森,青森県
石川,青森県
石川プール前,青森県
赤川,青森県
千曳,青森県
千畳敷,青森県
千年,青森県
川倉,青森県
川部,青森県
浅虫温泉,青森県
大間越,青森県
大久喜,青森県
大曲,青森県
大戸瀬,青森県
大蛇,青森県
大釈迦,青森県
大川平,青森県
大沢内,青森県
大平,青森県
大湊,青森県
大鰐,青森県
大鰐温泉,青森県
中央弘前,青森県
中小国,青森県
中沢,青森県
中田,青森県
長苗代,青森県
長峰,青森県
津軽宮田,青森県
津軽五所川原,青森県
津軽新城,青森県
津軽大沢,青森県
津軽中里,青森県
津軽湯の沢,青森県
津軽二股,青森県
津軽飯詰,青森県
津軽尾上,青森県
津軽浜名,青森県
追良瀬,青森県
鶴ケ坂,青森県
鶴泊,青森県
碇ケ関,青森県
田んぼアート,青森県
田舎館,青森県
東青森,青森県
筒井,青森県
藤崎,青森県
苫米地,青森県
柏農高校前,青森県
白銀,青森県
白神岳登山口,青森県
八戸,青森県
板柳,青森県
尾上高校前,青森県
毘沙門,青森県
撫牛子,青森県
風合瀬,青森県
平賀,青森県
蓬田,青森県
北金ケ沢,青森県
北高岩,青森県
北常盤,青森県
北野辺地,青森県
北里大学前,青森県
本八戸,青森県
鳴沢,青森県
木造,青森県
目時,青森県
野内,青森県
野辺地,青森県
矢田前,青森県
柳沢,青森県
油川,青森県
有戸,青森県
有畑,青森県
陸奥横浜,青森県
陸奥岩崎,青森県
陸奥市川,青森県
陸奥森田,青森県
陸奥赤石,青森県
陸奥沢辺,青森県
陸奥鶴田,青森県
陸奥白浜,青森県
陸奥湊,青森県
陸奥柳田,青森県
竜飛海底,青森県
林崎,青森県
浪岡,青森県
艫作,青森県
驫木,青森県
鰺ケ沢,青森県
アスモ前,静岡県
アプトいちしろ,静岡県
いこいの広場,静岡県
さぎの宮,静岡県
ジヤトコ前（ジヤトコ１地区前）,静岡県
ひらんだ,静岡県
フルーツパーク,静岡県
愛野,静岡県
安倍川,静岡県
伊東,静岡県
伊豆稲取,静岡県
伊豆急下田,静岡県
伊豆高原,静岡県
伊豆仁田,静岡県
伊豆多賀,静岡県
伊豆大川,静岡県
伊豆長岡,静岡県
伊豆熱川,静岡県
伊豆北川,静岡県
井川,静岡県
稲梓,静岡県
稲子,静岡県
宇佐美,静岡県
浦川,静岡県
曳馬,静岡県
円田,静岡県
遠江一宮,静岡県
遠州岩水寺,静岡県
遠州芝本,静岡県
遠州小松,静岡県
遠州小林,静岡県
遠州森,静岡県
遠州西ヶ崎,静岡県
遠州病院,静岡県
塩郷,静岡県
奥泉,静岡県
奥大井湖上,静岡県
奥浜名湖,静岡県
岡地,静岡県
音羽町,静岡県
下川合,静岡県
下泉,静岡県
下土狩,静岡県
家山,静岡県
河津,静岡県
岳南原田,静岡県
岳南江尾,静岡県
岳南富士岡,静岡県
掛川,静岡県
掛川市役所前,静岡県
蒲原,静岡県
閑蔵,静岡県
岩水寺,静岡県
岩波,静岡県
気賀,静岡県
菊川,静岡県
吉原,静岡県
吉原本町,静岡県
宮口,静岡県
興津,静岡県
金指,静岡県
金谷,静岡県
県総合運動場,静岡県
県立美術館前,静岡県
原,静岡県
原谷,静岡県
原田,静岡県
原木,静岡県
源道寺,静岡県
古庄,静岡県
戸綿,静岡県
狐ヶ崎,静岡県
御厨,静岡県
御殿場,静岡県
御門台,静岡県
向市場,静岡県
高塚,静岡県
合格,静岡県
今井浜海岸,静岡県
佐久間,静岡県
細谷,静岡県
崎平,静岡県
桜橋,静岡県
桜木,静岡県
三ヶ日,静岡県
三島,静岡県
三島広小路,静岡県
三島田町,静岡県
三島二日町,静岡県
自動車学校前,静岡県
芝川,静岡県
修善寺,静岡県
出馬,静岡県
春日町,静岡県
駿河小山,静岡県
駿河徳山,静岡県
助信,静岡県
小和田,静岡県
沼久保,静岡県
沼津,静岡県
焼津,静岡県
上市場,静岡県
上島,静岡県
上野部,静岡県
城ヶ崎海岸,静岡県
城西,静岡県
常葉大学前,静岡県
新蒲原,静岡県
新居町,静岡県
新金谷,静岡県
新所原,静岡県
新清水,静岡県
新静岡,静岡県
新浜松,静岡県
森町病院前,静岡県
神谷,静岡県
神尾,静岡県
須津,静岡県
水窪,静岡県
裾野,静岡県
寸座,静岡県
清水,静岡県
西掛川,静岡県
西気賀,静岡県
西鹿島,静岡県
西焼津,静岡県
西富士宮,静岡県
青部,静岡県
静岡,静岡県
積志,静岡県
接岨峡温泉,静岡県
千頭,静岡県
川根温泉笹間渡,静岡県
川根小山,静岡県
川根両国,静岡県
川奈,静岡県
早瀬,静岡県
相月,静岡県
草薙,静岡県
足柄,静岡県
袋井,静岡県
代官町,静岡県
大岡,静岡県
大場,静岡県
大森,静岡県
大仁,静岡県
大嵐,静岡県
大和田,静岡県
第一通り,静岡県
沢間,静岡県
竪堀,静岡県
知波田,静岡県
地名,静岡県
中部天竜,静岡県
長沼,静岡県
長泉なめり,静岡県
長島ダム,静岡県
天竜川,静岡県
天竜二俣,静岡県
田京,静岡県
田野口,静岡県
都筑,静岡県
都田,静岡県
土本,静岡県
島田,静岡県
東静岡,静岡県
東田子の浦,静岡県
東都筑,静岡県
藤枝,静岡県
南伊東,静岡県
南御殿場,静岡県
二俣本町,静岡県
日吉町,静岡県
日切,静岡県
入江岡,静岡県
入山瀬,静岡県
韮山,静岡県
熱海,静岡県
函南,静岡県
八幡,静岡県
抜里,静岡県
磐田,静岡県
比奈,静岡県
尾盛,静岡県
尾奈,静岡県
美薗中央公園,静岡県
浜松,静岡県
浜北,静岡県
浜名湖佐久米,静岡県
富戸,静岡県
富士,静岡県
富士岡,静岡県
富士宮,静岡県
富士根,静岡県
富士川,静岡県
敷地,静岡県
舞阪,静岡県
福用,静岡県
片瀬白田,静岡県
片浜,静岡県
弁天島,静岡県
豊岡,静岡県
豊田町,静岡県
牧之郷,静岡県
本吉原,静岡県
網代,静岡県
門出,静岡県
柚木,静岡県
由比,静岡県
用宗,静岡県
来宮,静岡県
蓮台寺,静岡県
六合,静岡県
鷲津,静岡県
粟ヶ崎,石川県
粟津,石川県
井口,石川県
磯部,石川県
宇野気,石川県
羽咋,石川県
押野,石川県
横山,石川県
乙丸,石川県
加賀一の宮,石川県
加賀温泉,石川県
加賀笠間,石川県
蚊爪,石川県
額住宅前,石川県
笠師保,石川県
割出,石川県
金丸,石川県
金沢,石川県
倶利伽羅,石川県
穴水,石川県
高松,石川県
三ツ屋,石川県
三口,石川県
四十万,石川県
七ツ屋,石川県
七尾,石川県
小松,石川県
小舞子,石川県
小柳,石川県
松任,石川県
上諸江,石川県
新西金沢,石川県
森本,石川県
西岸,石川県
西金沢,石川県
西松任,石川県
西泉,石川県
千路,石川県
曽谷,石川県
大河端,石川県
大聖寺,石川県
中津幡,石川県
中鶴来,石川県
津幡,石川県
鶴来,石川県
田鶴浜,石川県
東金沢,石川県
動橋,石川県
道法寺,石川県
徳田,石川県
内灘,石川県
南羽咋,石川県
日御子,石川県
能瀬,石川県
能登鹿島,石川県
能登中島,石川県
能登二宮,石川県
能登部,石川県
能美根上,石川県
馬替,石川県
美川,石川県
敷浪,石川県
宝達,石川県
北間,石川県
北鉄金沢,石川県
本津幡,石川県
明峰,石川県
免田,石川県
野々市,石川県
野々市工大前,石川県
野町,石川県
陽羽里,石川県
良川,石川県
和倉温泉,石川県
おゆみ野,千葉県
くぬぎ山,千葉県
スポーツセンター,千葉県
ちはら台,千葉県
みつわ台,千葉県
みどり台,千葉県
みのり台,千葉県
ユーカリが丘,千葉県
愛宕,千葉県
旭,千葉県
安食,千葉県
安房鴨川,千葉県
安房勝山,千葉県
安房小湊,千葉県
安房天津,千葉県
井野,千葉県
稲毛,千葉県
稲毛海岸,千葉県
印西牧の原,千葉県
印旛日本医大,千葉県
鵜原,千葉県
浦安,千葉県
運河,千葉県
栄町,千葉県
永田,千葉県
榎戸,千葉県
猿田,千葉県
横芝,千葉県
横田,千葉県
下郡,千葉県
下総橘,千葉県
下総松崎,千葉県
下総神崎,千葉県
下総中山,千葉県
下総豊里,千葉県
我孫子,千葉県
海士有木,千葉県
海鹿島,千葉県
海神,千葉県
海浜幕張,千葉県
外川,千葉県
学園前,千葉県
笠上黒生,千葉県
滑河,千葉県
鎌ヶ谷,千葉県
鎌ヶ谷大仏,千葉県
鎌取,千葉県
干潟,千葉県
観音,千葉県
館山,千葉県
巌根,千葉県
岩井,千葉県
鬼越,千葉県
祇園,千葉県
逆井,千葉県
久我原,千葉県
久住,千葉県
久留里,千葉県
求名,千葉県
京成稲毛,千葉県
京成臼井,千葉県
京成佐倉,千葉県
京成酒々井,千葉県
京成成田,千葉県
京成西船,千葉県
京成千葉,千葉県
京成船橋,千葉県
京成大久保,千葉県
京成大和田,千葉県
京成中山,千葉県
京成津田沼,千葉県
京成八幡,千葉県
京成幕張,千葉県
京成幕張本郷,千葉県
九重,千葉県
空港第２ビル（第２旅客ターミナル）,千葉県
君ヶ浜,千葉県
君津,千葉県
穴川,千葉県
月崎,千葉県
検見川,千葉県
検見川浜,千葉県
犬吠,千葉県
県庁前,千葉県
元山,千葉県
原木中山,千葉県
湖北,千葉県
五井,千葉県
五香,千葉県
御宿,千葉県
光風台,千葉県
公園,千葉県
公津の杜,千葉県
幸谷,千葉県
江見,千葉県
江戸川台,千葉県
行川アイランド,千葉県
行徳,千葉県
香取,千葉県
高根公団,千葉県
高根木戸,千葉県
高滝,千葉県
高柳,千葉県
国吉,千葉県
国府台,千葉県
佐貫町,千葉県
佐原,千葉県
佐倉,千葉県
作草部,千葉県
桜木,千葉県
笹川,千葉県
三咲,千葉県
三門,千葉県
四街道,千葉県
姉ケ崎,千葉県
市川,千葉県
市川塩浜,千葉県
市川真間,千葉県
市川大野,千葉県
市役所前,千葉県
志津,千葉県
七光台,千葉県
実籾,千葉県
芝山千代田,千葉県
酒々井,千葉県
宗吾参道,千葉県
秋山,千葉県
習志野,千葉県
十二橋,千葉県
初石,千葉県
初富,千葉県
女子大,千葉県
勝浦,千葉県
勝田台,千葉県
小金城趾,千葉県
小見川,千葉県
小室,千葉県
小倉台,千葉県
小谷松,千葉県
小林,千葉県
小櫃,千葉県
松岸,千葉県
松戸,千葉県
松戸新田,千葉県
松飛台,千葉県
松尾,千葉県
上総一ノ宮,千葉県
上総亀山,千葉県
上総久保,千葉県
上総牛久,千葉県
上総興津,千葉県
上総三又,千葉県
上総山田,千葉県
上総松丘,千葉県
上総清川,千葉県
上総川間,千葉県
上総村上,千葉県
上総大久保,千葉県
上総中川,千葉県
上総中野,千葉県
上総鶴舞,千葉県
上総東,千葉県
上総湊,千葉県
上本郷,千葉県
城見ヶ丘,千葉県
常盤平,千葉県
新浦安,千葉県
新鎌ヶ谷,千葉県
新検見川,千葉県
新習志野,千葉県
新松戸,千葉県
新千葉,千葉県
新船橋,千葉県
新津田沼,千葉県
新田野,千葉県
新柏,千葉県
新八柱,千葉県
新茂原,千葉県
新木,千葉県
水郷,千葉県
菅野,千葉県
成田,千葉県
成田空港（第１旅客ターミナル）,千葉県
成田湯川,千葉県
成東,千葉県
清水公園,千葉県
西海鹿島,千葉県
西千葉,千葉県
西船橋,千葉県
西大原,千葉県
西登戸,千葉県
西白井,千葉県
西畑,千葉県
青堀,千葉県
千歳,千葉県
千城台,千葉県
千城台北,千葉県
千倉,千葉県
千葉,千葉県
千葉ニュータウン中央,千葉県
千葉みなと,千葉県
千葉公園,千葉県
千葉寺,千葉県
千葉中央,千葉県
川間,千葉県
船橋,千葉県
船橋競馬場,千葉県
船橋日大前,千葉県
船橋法典,千葉県
前原,千葉県
蘇我,千葉県
倉橋,千葉県
総元,千葉県
増尾,千葉県
袖ケ浦,千葉県
村上,千葉県
太海,千葉県
太東,千葉県
大貫,千葉県
大原,千葉県
大戸,千葉県
大佐倉,千葉県
大森台,千葉県
大神宮下,千葉県
大多喜,千葉県
大町,千葉県
大網,千葉県
滝不動,千葉県
谷津,千葉県
地区センター,千葉県
竹岡,千葉県
中学校,千葉県
仲ノ町,千葉県
銚子,千葉県
長浦,千葉県
長者町,千葉県
津田沼,千葉県
椎柴,千葉県
塚田,千葉県
天王台,千葉県
天台,千葉県
都賀,千葉県
土気,千葉県
東横田,千葉県
東我孫子,千葉県
東海神,千葉県
東金,千葉県
東松戸,千葉県
東成田,千葉県
東清川,千葉県
東千葉,千葉県
東船橋,千葉県
東総元,千葉県
東中山,千葉県
東葉勝田台,千葉県
東浪見,千葉県
動物公園,千葉県
那古船形,千葉県
南行徳,千葉県
南三原,千葉県
南酒々井,千葉県
南船橋,千葉県
南柏,千葉県
南流山,千葉県
二俣新町,千葉県
二和向台,千葉県
日向,千葉県
馬橋,千葉県
馬込沢,千葉県
馬来田,千葉県
馬立,千葉県
梅郷,千葉県
柏,千葉県
柏たなか,千葉県
柏の葉キャンパス,千葉県
白井,千葉県
八街,千葉県
八積,千葉県
八千代台,千葉県
八千代中央,千葉県
八千代緑が丘,千葉県
八柱,千葉県
八日市場,千葉県
八幡宿,千葉県
飯岡,千葉県
飯給,千葉県
飯山満,千葉県
飯倉,千葉県
俵田,千葉県
鰭ヶ崎,千葉県
浜金谷,千葉県
浜野,千葉県
富浦,千葉県
布佐,千葉県
舞浜,千葉県
福俵,千葉県
物井,千葉県
平山,千葉県
平和台,千葉県
保田,千葉県
豊四季,千葉県
北国分,千葉県
北習志野,千葉県
北初富,千葉県
北小金,千葉県
北松戸,千葉県
北柏,千葉県
本千葉,千葉県
本銚子,千葉県
本納,千葉県
本八幡,千葉県
幕張,千葉県
幕張豊砂,千葉県
幕張本郷,千葉県
妙典,千葉県
茂原,千葉県
木下,千葉県
木更津,千葉県
野田市,千葉県
矢切,千葉県
薬園台,千葉県
誉田,千葉県
養老渓谷,千葉県
里見,千葉県
流山,千葉県
流山おおたかの森,千葉県
流山セントラルパーク,千葉県
浪花,千葉県
六実,千葉県
和田浦,千葉県
葭川公園,千葉県
ＪＲ河内永和,大阪府
ＪＲ俊徳道,大阪府
JR総持寺,大阪府
JR淡路,大阪府
ＪＲ長瀬,大阪府
ＪＲ難波,大阪府
JR野江,大阪府
あびこ,大阪府
コスモスクエア,大阪府
だいどう豊里,大阪府
ドーム前,大阪府
ドーム前千代崎,大阪府
ときわ台,大阪府
トレードセンター前,大阪府
なかもず,大阪府
なにわ橋,大阪府
なんば,大阪府
フェリーターミナル,大阪府
ポートタウン西,大阪府
ポートタウン東,大阪府
みさき公園,大阪府
ユニバーサルシティ,大阪府
りんくうタウン,大阪府
阿波座,大阪府
阿倍野,大阪府
芦原橋,大阪府
芦原町,大阪府
綾ノ町,大阪府
安治川口,大阪府
安堂,大阪府
安立町,大阪府
衣摺加美北,大阪府
井原里,大阪府
井高野,大阪府
茨木,大阪府
茨木市,大阪府
宇野辺,大阪府
羽衣,大阪府
羽倉崎,大阪府
横堤,大阪府
岡町,大阪府
岡田浦,大阪府
恩智,大阪府
下松,大阪府
下新庄,大阪府
伽羅橋,大阪府
加島,大阪府
加美,大阪府
河内永和,大阪府
河内花園,大阪府
河内堅上,大阪府
河内国分,大阪府
河内山本,大阪府
河内小阪,大阪府
河内松原,大阪府
河内森,大阪府
河内長野,大阪府
河内天美,大阪府
河内磐船,大阪府
河堀口,大阪府
花園町,大阪府
花田口,大阪府
我孫子前,大阪府
我孫子町,大阪府
我孫子道,大阪府
海老江,大阪府
貝塚,大阪府
貝塚市役所前,大阪府
額田,大阪府
蒲生四丁目,大阪府
萱島,大阪府
関西空港,大阪府
関大前,大阪府
関目,大阪府
関目高殿,大阪府
関目成育,大阪府
岸辺,大阪府
岸里,大阪府
岸里玉出,大阪府
岸和田,大阪府
喜志,大阪府
喜連瓜破,大阪府
吉見ノ里,大阪府
吉田,大阪府
久米田,大阪府
久宝寺,大阪府
久宝寺口,大阪府
宮之阪,大阪府
京橋,大阪府
狭山,大阪府
玉出,大阪府
玉川,大阪府
玉造,大阪府
近義の里,大阪府
近鉄日本橋,大阪府
近鉄八尾,大阪府
金剛,大阪府
九条,大阪府
駒ヶ谷,大阪府
駒川中野,大阪府
熊取,大阪府
郡津,大阪府
恵我ノ荘,大阪府
恵美須町,大阪府
蛍池,大阪府
堅下,大阪府
古市,大阪府
古川橋,大阪府
御殿山,大阪府
御幣島,大阪府
御陵前,大阪府
交野市,大阪府
光善寺,大阪府
光風台,大阪府
光明池,大阪府
公園東口,大阪府
孝子,大阪府
江坂,大阪府
荒本,大阪府
香里園,大阪府
高安,大阪府
高安山,大阪府
高井田,大阪府
高井田中央,大阪府
高見ノ里,大阪府
高師浜,大阪府
高須神社,大阪府
高石,大阪府
高槻,大阪府
高槻市,大阪府
高鷲,大阪府
鴻池新田,大阪府
今宮,大阪府
今宮戎,大阪府
今川,大阪府
今船,大阪府
今池,大阪府
今福鶴見,大阪府
今里,大阪府
彩都西,大阪府
細井川,大阪府
阪大病院前,大阪府
堺,大阪府
堺筋本町,大阪府
堺市,大阪府
堺東,大阪府
桜ノ宮,大阪府
桜井,大阪府
桜川,大阪府
桜島,大阪府
三ヶ山口,大阪府
三ツ松,大阪府
三国,大阪府
三国ヶ丘,大阪府
三国ケ丘,大阪府
三日市町,大阪府
山中渓,大阪府
山田,大阪府
四ツ橋,大阪府
四条畷,大阪府
四天王寺前夕陽ヶ丘,大阪府
志紀,大阪府
私市,大阪府
寺地町,大阪府
寺田町,大阪府
汐ノ宮,大阪府
汐見橋,大阪府
鴫野,大阪府
七道,大阪府
柴原阪大前,大阪府
柴島,大阪府
若江岩田,大阪府
守口,大阪府
守口市,大阪府
住ノ江,大阪府
住吉,大阪府
住吉公園,大阪府
住吉大社,大阪府
住吉鳥居前,大阪府
住吉東,大阪府
住道,大阪府
住之江公園,大阪府
十三,大阪府
宿院,大阪府
出戸,大阪府
出来島,大阪府
俊徳道,大阪府
春木,大阪府
初芝,大阪府
小路,大阪府
少路,大阪府
庄内,大阪府
昭和町,大阪府
松ノ浜,大阪府
松屋町,大阪府
松虫,大阪府
松田町,大阪府
樟葉,大阪府
上ノ太子,大阪府
上新庄,大阪府
上牧,大阪府
上野芝,大阪府
城北公園通,大阪府
信貴山口,大阪府
信太山,大阪府
寝屋川公園,大阪府
寝屋川市,大阪府
心斎橋,大阪府
新加美,大阪府
新家,大阪府
新金岡,大阪府
新今宮,大阪府
新今宮駅前,大阪府
新森古市,大阪府
新深江,大阪府
新石切,大阪府
新大阪,大阪府
新福島,大阪府
森,大阪府
森ノ宮,大阪府
森小路,大阪府
深井,大阪府
深江橋,大阪府
深日港,大阪府
深日町,大阪府
神ノ木,大阪府
神崎川,大阪府
神明町,大阪府
針中野,大阪府
諏訪ノ森,大阪府
吹田,大阪府
水間観音,大阪府
水無瀬,大阪府
瑞光四丁目,大阪府
崇禅寺,大阪府
杉本町,大阪府
星ヶ丘,大阪府
星田,大阪府
正雀,大阪府
清児,大阪府
清水,大阪府
聖天坂,大阪府
西九条,大阪府
西三荘,大阪府
西大橋,大阪府
西中島南方,大阪府
西長堀,大阪府
西天下茶屋,大阪府
西田辺,大阪府
西梅田,大阪府
石橋阪大前,大阪府
石才,大阪府
石切,大阪府
石津,大阪府
石津川,大阪府
石津北,大阪府
摂津,大阪府
摂津市,大阪府
摂津富田,大阪府
千船,大阪府
千早口,大阪府
千代田,大阪府
千鳥橋,大阪府
千里丘,大阪府
千里山,大阪府
千里中央,大阪府
千林,大阪府
千林大宮,大阪府
川西,大阪府
扇町,大阪府
泉ヶ丘,大阪府
泉佐野,大阪府
泉大津,大阪府
浅香,大阪府
浅香山,大阪府
船尾,大阪府
曽根,大阪府
相川,大阪府
総持寺,大阪府
村野,大阪府
多奈川,大阪府
太子橋今市,大阪府
大江橋,大阪府
大国町,大阪府
大阪,大阪府
大阪ビジネスパーク,大阪府
大阪阿部野橋,大阪府
大阪教育大前,大阪府
大阪狭山市,大阪府
大阪空港,大阪府
大阪港,大阪府
大阪上本町,大阪府
大阪城公園,大阪府
大阪城北詰,大阪府
大阪天満宮,大阪府
大阪難波,大阪府
大阪梅田,大阪府
大小路,大阪府
大正,大阪府
大日,大阪府
大和川,大阪府
大和田,大阪府
滝井,大阪府
滝谷,大阪府
滝谷不動,大阪府
沢ノ町,大阪府
沢良宜,大阪府
蛸地蔵,大阪府
谷町九丁目,大阪府
谷町四丁目,大阪府
谷町六丁目,大阪府
樽井,大阪府
淡輪,大阪府
淡路,大阪府
池田,大阪府
中ふ頭,大阪府
中崎町,大阪府
中津,大阪府
中之島,大阪府
中百舌鳥,大阪府
忠岡,大阪府
朝潮橋,大阪府
長居,大阪府
長原,大阪府
長瀬,大阪府
長滝,大阪府
長田,大阪府
長尾,大阪府
長堀橋,大阪府
鳥取ノ荘,大阪府
津久野,大阪府
津守,大阪府
津田,大阪府
塚西,大阪府
塚本,大阪府
栂・美木多,大阪府
鶴ケ丘,大阪府
鶴橋,大阪府
鶴見緑地,大阪府
鶴原,大阪府
帝塚山,大阪府
帝塚山三丁目,大阪府
帝塚山四丁目,大阪府
天王寺,大阪府
天王寺駅前,大阪府
天下茶屋,大阪府
天見,大阪府
天神ノ森,大阪府
天神橋筋六丁目,大阪府
天満,大阪府
天満橋,大阪府
伝法,大阪府
田辺,大阪府
渡辺橋,大阪府
都島,大阪府
土居,大阪府
土師ノ里,大阪府
島本,大阪府
東羽衣,大阪府
東花園,大阪府
東貝塚,大阪府
東岸和田,大阪府
東玉出,大阪府
東佐野,大阪府
東三国,大阪府
東天下茶屋,大阪府
東梅田,大阪府
東部市場前,大阪府
東粉浜,大阪府
東湊,大阪府
東淀川,大阪府
桃山台,大阪府
桃谷,大阪府
藤井寺,大阪府
藤阪,大阪府
動物園前,大阪府
道明寺,大阪府
徳庵,大阪府
南茨木,大阪府
南港口,大阪府
南港東,大阪府
南森町,大阪府
南吹田,大阪府
南摂津,大阪府
南千里,大阪府
南巽,大阪府
南田辺,大阪府
南方,大阪府
難波,大阪府
二色浜,大阪府
日根野,大阪府
日本橋,大阪府
忍ケ丘,大阪府
梅田,大阪府
萩ノ茶屋,大阪府
萩原天神,大阪府
柏原,大阪府
柏原南口,大阪府
白鷺,大阪府
箱作,大阪府
八戸ノ里,大阪府
八尾,大阪府
八尾南,大阪府
肥後橋,大阪府
尾崎,大阪府
美加の台,大阪府
美章園,大阪府
姫松,大阪府
姫島,大阪府
百舌鳥,大阪府
百舌鳥八幡,大阪府
瓢箪山,大阪府
浜寺駅前,大阪府
浜寺公園,大阪府
富田,大阪府
富田林,大阪府
富田林西口,大阪府
富木,大阪府
布施,大阪府
布忍,大阪府
服部川,大阪府
服部天神,大阪府
福,大阪府
福島,大阪府
粉浜,大阪府
文の里,大阪府
平野,大阪府
平林,大阪府
弁天町,大阪府
放出,大阪府
法善寺,大阪府
豊川,大阪府
豊中,大阪府
豊津,大阪府
鳳,大阪府
北加賀屋,大阪府
北花田,大阪府
北助松,大阪府
北信太,大阪府
北新地,大阪府
北千里,大阪府
北巽,大阪府
北天下茶屋,大阪府
北田辺,大阪府
北畠,大阪府
北浜,大阪府
北野田,大阪府
牧野,大阪府
牧落,大阪府
本町,大阪府
枚岡,大阪府
枚方公園,大阪府
枚方市,大阪府
万博記念公園,大阪府
箕面,大阪府
箕面萱野,大阪府
箕面船場阪大前,大阪府
湊,大阪府
妙見口,大阪府
妙国寺前,大阪府
夢洲,大阪府
名越,大阪府
木津川,大阪府
門真市,大阪府
門真南,大阪府
野江,大阪府
野江内代,大阪府
野崎,大阪府
野田,大阪府
野田阪神,大阪府
弥刀,大阪府
矢田,大阪府
淀屋橋,大阪府
淀川,大阪府
緑橋,大阪府
緑地公園,大阪府
和泉橋本,大阪府
和泉砂川,大阪府
和泉大宮,大阪府
和泉中央,大阪府
和泉鳥取,大阪府
和泉府中,大阪府
引治,大分県
宇佐,大分県
臼杵,大分県
下ノ江,大分県
賀来,大分県
海崎,大分県
鬼瀬,大分県
亀川,大分県
杵築,大分県
玉来,大分県
熊崎,大分県
恵良,大分県
犬飼,大分県
古国府,大分県
光岡,大分県
向之原,大分県
幸崎,大分県
高城,大分県
今山,大分県
今津,大分県
佐志生,大分県
佐伯,大分県
坂ノ市,大分県
三重町,大分県
狩生,大分県
宗太郎,大分県
重岡,大分県
緒方,大分県
小野屋,大分県
庄内,大分県
上臼杵,大分県
上岡,大分県
杉河内,大分県
菅尾,大分県
西屋敷,大分県
西大分,大分県
浅海井,大分県
大在,大分県
大神,大分県
大鶴,大分県
大分,大分県
大分大学前,大分県
滝尾,大分県
竹中,大分県
中山香,大分県
中津,大分県
中判田,大分県
朝地,大分県
直見,大分県
直川,大分県
津久見,大分県
鶴崎,大分県
天ケ瀬,大分県
天神山,大分県
天津,大分県
東中津,大分県
東別府,大分県
湯平,大分県
南大分,大分県
南由布,大分県
日出,大分県
日代,大分県
日田,大分県
敷戸,大分県
別府,大分県
別府大学,大分県
豊後荻,大分県
豊後国分,大分県
豊後三芳,大分県
豊後森,大分県
豊後清川,大分県
豊後竹田,大分県
豊後中川,大分県
豊後中村,大分県
豊後豊岡,大分県
豊前善光寺,大分県
豊前長洲,大分県
北山田,大分県
牧,大分県
夜明,大分県
野矢,大分県
柳ケ浦,大分県
由布院,大分県
立石,大分県
暘谷,大分県
いのつき,長崎県
すえたちばな,長崎県
スタジアムシティサウス（宝町）,長崎県
スタジアムシティノース（銭座町）,長崎県
たびら平戸口,長崎県
ハウステンボス,長崎県
めがね橋,長崎県
メディカルセンター,長崎県
阿母崎,長崎県
愛野,長崎県
安徳,長崎県
浦上,長崎県
浦上駅前,長崎県
浦上車庫,長崎県
浦田観音,長崎県
加津佐,長崎県
皆瀬,長崎県
蒲河,長崎県
釜ノ鼻,長崎県
干拓の里,長崎県
観光通,長崎県
岩屋橋,長崎県
岩松,長崎県
喜々津,長崎県
吉井,長崎県
蛍茶屋,長崎県
原城,長崎県
原爆資料館,長崎県
現川,長崎県
古部,長崎県
五島町,長崎県
吾妻,長崎県
御厨,長崎県
口之津,長崎県
幸,長崎県
江迎鹿町,長崎県
高岩,長崎県
高田,長崎県
今福,長崎県
佐々,長崎県
佐世保,長崎県
佐世保中央,長崎県
左石,長崎県
桜町,長崎県
三河内,長崎県
三会,長崎県
山の田,長崎県
市布,長崎県
市役所,長崎県
思案橋,長崎県
若葉町,長崎県
住吉,長崎県
出島,長崎県
小浦,長崎県
小串郷,長崎県
小江,長崎県
小長井,長崎県
小野,長崎県
昭和町通,長崎県
松浦,長崎県
松浦発電所前,長崎県
松原,長崎県
松尾,長崎県
上相浦,長崎県
常光寺前,長崎県
新大工町,長崎県
新大村,長崎県
新地中華街,長崎県
新中川町,長崎県
森山,長崎県
深江,長崎県
真申,長崎県
神代,長崎県
神田,長崎県
諏訪,長崎県
諏訪神社,長崎県
崇福寺,長崎県
瀬野深江,長崎県
清峰高校前,長崎県
西浦上,長崎県
西郷,長崎県
西田平,長崎県
西浜町,長崎県
西木場,長崎県
西有家,長崎県
西諫早,長崎県
石橋,長崎県
赤迫,長崎県
千歳町,長崎県
千綿,長崎県
川棚,長崎県
泉福寺,長崎県
潜竜ヶ滝,長崎県
前浜,長崎県
早岐,長崎県
相浦,長崎県
多比良,長崎県
大浦海岸通,長崎県
大浦天主堂,長崎県
大学,長崎県
大学病院,長崎県
大橋,長崎県
大三東,長崎県
大正,長崎県
大草,長崎県
大村,長崎県
大村車両基地,長崎県
大塔,長崎県
大波止,長崎県
鷹島口,長崎県
棚方,長崎県
竹松,長崎県
秩父が浦,長崎県
中佐世保,長崎県
中田平,長崎県
中里,長崎県
調川,長崎県
長崎,長崎県
長崎駅前,長崎県
長崎大学,長崎県
長与,長崎県
長里,長崎県
島原,長崎県
島原港,長崎県
島原船津,長崎県
東園,長崎県
東大屋,長崎県
東田平,長崎県
東諫早,長崎県
湯江,長崎県
堂崎,長崎県
道ノ尾,長崎県
南風崎,長崎県
日宇,長崎県
白浜海水浴場前,長崎県
八千代町,長崎県
彼杵,長崎県
肥前古賀,長崎県
肥前長田,長崎県
浜町アーケード,長崎県
布津,長崎県
布津新田,長崎県
平和公園,長崎県
北佐世保,長崎県
北有馬,長崎県
本山,長崎県
本川内,長崎県
本諫早,長崎県
茂里町,長崎県
野中,長崎県
有家,長崎県
有馬吉川,長崎県
有明湯江,長崎県
龍石,長崎県
霊丘公園体育館,長崎県
諫早,長崎県
諫早東高校,長崎県
すずらんの里,長野県
テクノさかき,長野県
みどり湖,長野県
ヤナバスキー場前,長野県
梓橋,長野県
安曇沓掛,長野県
安曇追分,長野県
安茂里,長野県
伊那市,長野県
伊那小沢,長野県
伊那松島,長野県
伊那上郷,長野県
伊那新町,長野県
伊那大島,長野県
伊那田島,長野県
伊那八幡,長野県
伊那福岡,長野県
伊那北,長野県
伊那本郷,長野県
為栗,長野県
井上,長野県
一日市場,長野県
稲荷山,長野県
稲尾,長野県
羽黒下,長野県
羽場,長野県
雨宮,長野県
臼田,長野県
延徳,長野県
塩尻,長野県
塩田町,長野県
横倉,長野県
岡谷,長野県
屋代,長野県
屋代高校前,長野県
乙女,長野県
温田,長野県
下山村,長野県
下市田,長野県
下新,長野県
下諏訪,長野県
下島,長野県
下之郷,長野県
下平,長野県
海ノ口,長野県
海尻,長野県
海瀬,長野県
滑津,長野県
茅野,長野県
冠着,長野県
岩村田,長野県
岩野,長野県
宮ノ越,長野県
宮田,長野県
宮木,長野県
桐原,長野県
金井山,長野県
金野,長野県
駒ケ根,長野県
桑名川,長野県
軽井沢,長野県
権堂,長野県
元善光寺,長野県
原野,長野県
古間,長野県
戸狩野沢温泉,長野県
戸倉,長野県
御代田,長野県
広丘,長野県
高遠原,長野県
高岩,長野県
黒姫,長野県
今井,長野県
佐久海ノ口,長野県
佐久広瀬,長野県
佐久平,長野県
細野,長野県
坂城,長野県
坂北,長野県
桜沢,長野県
桜町,長野県
三岡,長野県
三好町,長野県
三溝,長野県
三才,長野県
山吹,長野県
市田,長野県
市役所前,長野県
寺下,長野県
時又,長野県
滋野,長野県
七久保,長野県
篠ノ井,長野県
若穂,長野県
十二兼,長野県
渚,長野県
小海,長野県
小諸,長野県
小町屋,長野県
小布施,長野県
小野,長野県
松原湖,長野県
松代,長野県
松本,長野県
象山口,長野県
上境,長野県
上桑名川,長野県
上今井,長野県
上松,長野県
上条,長野県
上諏訪,長野県
上田,長野県
上田原,長野県
上片桐,長野県
城下,長野県
信州中野,長野県
信濃吉田,長野県
信濃境,長野県
信濃荒井,長野県
信濃国分寺,長野県
信濃松川,長野県
信濃常盤,長野県
信濃森上,長野県
信濃川上,長野県
信濃川田,長野県
信濃川島,長野県
信濃浅野,長野県
信濃大町,長野県
信濃竹原,長野県
信濃追分,長野県
信濃白鳥,長野県
信濃平,長野県
信濃木崎,長野県
新村,長野県
新島々,長野県
森宮野原,長野県
森口,長野県
神城,長野県
神畑,長野県
須原,長野県
須坂,長野県
聖高原,長野県
西松本,長野県
西上田,長野県
西条,長野県
西大滝,長野県
青沼,長野県
青柳,長野県
赤坂上,長野県
赤木,長野県
切石,長野県
千曲,長野県
千国,長野県
千代,長野県
川岸,長野県
川中島,長野県
川路,長野県
洗馬,長野県
善光寺下,長野県
倉本,長野県
村井,長野県
村山,長野県
太田部,長野県
駄科,長野県
替佐,長野県
大屋,長野県
大学前,長野県
大桑,長野県
大室,長野県
大庭,長野県
大田切,長野県
沢,長野県
沢渡,長野県
辰野,長野県
中井侍,長野県
中塩田,長野県
中萱,長野県
中軽井沢,長野県
中込,長野県
中佐都,長野県
中土,長野県
中野,長野県
中野松川,長野県
朝陽,長野県
長野,長野県
鼎,長野県
天竜峡,長野県
田切,長野県
田沢,長野県
田中,長野県
田畑,長野県
田本,長野県
田立,長野県
都住,長野県
唐笠,長野県
島高松,長野県
島内,長野県
東屋代,長野県
東小諸,長野県
湯田中,長野県
奈良井,長野県
南小谷,長野県
南松本,長野県
南神城,長野県
南大町,長野県
南豊科,長野県
南木曽,長野県
日出塩,長野県
日野,長野県
波田,長野県
馬流,長野県
柏矢町,長野県
白馬,長野県
白馬大池,長野県
八千穂,長野県
八木沢,長野県
飯山,長野県
飯森,長野県
飯田,長野県
飯島,長野県
美里,長野県
富士見,長野県
附属中学前,長野県
舞田,長野県
平岡,長野県
平原,長野県
平滝,長野県
平田,長野県
別所温泉,長野県
穂高,長野県
豊科,長野県
豊野,長野県
北細野,長野県
北小谷,長野県
北松本,長野県
北新・松本大学前,長野県
北須坂,長野県
北大町,長野県
北中込,長野県
北長野,長野県
北殿,長野県
北飯山,長野県
本郷,長野県
牟礼,長野県
明科,長野県
綿内,長野県
毛賀,長野県
木ノ下,長野県
木曽福島,長野県
木曽平沢,長野県
門島,長野県
夜間瀬,長野県
野尻,長野県
野辺山,長野県
柳原,長野県
有明,長野県
立ケ花,長野県
龍岡城,長野県
蓮,長野県
姨捨,長野県
渕東,長野県
簗場,長野県
藪原,長野県
贄川,長野県
鶯巣,長野県
安部,鳥取県
因幡社,鳥取県
因幡船岡,鳥取県
浦安,鳥取県
下市,鳥取県
下北条,鳥取県
河原,鳥取県
河崎口,鳥取県
岸本,鳥取県
岩美,鳥取県
弓ケ浜,鳥取県
境港,鳥取県
郡家,鳥取県
湖山,鳥取県
後藤,鳥取県
御来屋,鳥取県
江尾,鳥取県
高松町,鳥取県
国英,鳥取県
黒坂,鳥取県
根雨,鳥取県
三本松口,鳥取県
山郷,鳥取県
若桜,鳥取県
松崎,鳥取県
上菅,鳥取県
上石見,鳥取県
上道,鳥取県
生山,鳥取県
青谷,鳥取県
赤碕,鳥取県
倉吉,鳥取県
大岩,鳥取県
大山口,鳥取県
大篠津町,鳥取県
鷹狩,鳥取県
丹比,鳥取県
智頭,鳥取県
中山口,鳥取県
中浜,鳥取県
鳥取,鳥取県
鳥取大学前,鳥取県
津ノ井,鳥取県
土師,鳥取県
東郡家,鳥取県
東山公園,鳥取県
東浜,鳥取県
徳丸,鳥取県
那岐,鳥取県
馬場崎町,鳥取県
伯耆溝口,鳥取県
伯耆大山,鳥取県
博労町,鳥取県
泊,鳥取県
八橋,鳥取県
八東,鳥取県
八頭高校前,鳥取県
隼,鳥取県
浜村,鳥取県
富士見町,鳥取県
武庫,鳥取県
福部,鳥取県
米子,鳥取県
米子空港,鳥取県
宝木,鳥取県
末恒,鳥取県
名和,鳥取県
由良,鳥取県
余子,鳥取県
用瀬,鳥取県
淀江,鳥取県
恋山形,鳥取県
和田浜,鳥取県
安来,島根県
伊野灘,島根県
一畑口,島根県
因原,島根県
宇都井,島根県
雲州平田,島根県
益田,島根県
園,島根県
岡見,島根県
乙原,島根県
温泉津,島根県
下久野,島根県
下府,島根県
加茂中,島根県
鎌手,島根県
亀嵩,島根県
久手,島根県
久代,島根県
玉造温泉,島根県
敬川,島根県
戸田小浜,島根県
湖遊館新駅,島根県
五十猛,島根県
口羽,島根県
江津,島根県
江津本町,島根県
江南,島根県
江平,島根県
荒島,島根県
高ノ宮,島根県
高浜,島根県
黒松,島根県
作木口,島根県
三井野原,島根県
三保三隅,島根県
鹿賀,島根県
宍道,島根県
周布,島根県
秋鹿町,島根県
出雲横田,島根県
出雲科学館パークタウン前,島根県
出雲坂根,島根県
出雲三成,島根県
出雲市,島根県
出雲神西,島根県
出雲大社前,島根県
出雲大東,島根県
出雲八代,島根県
小田,島根県
松江,島根県
松江イングリッシュガーデン前,島根県
松江しんじ湖温泉,島根県
松江フォーゲルパーク,島根県
仁万,島根県
西出雲,島根県
西浜田,島根県
青原,島根県
青野山,島根県
静間,島根県
石見横田,島根県
石見松原,島根県
石見川越,島根県
石見川本,島根県
石見津田,島根県
石見都賀,島根県
石見福光,島根県
石見簗瀬,島根県
折居,島根県
千金,島根県
川戸,島根県
川跡,島根県
川平,島根県
浅利,島根県
荘原,島根県
大寺,島根県
大津町,島根県
大田市,島根県
沢谷,島根県
竹,島根県
朝日ヶ丘,島根県
潮,島根県
長江,島根県
直江,島根県
津ノ森,島根県
津和野,島根県
田儀,島根県
田津,島根県
電鉄出雲市,島根県
都野津,島根県
東松江,島根県
東青原,島根県
湯里,島根県
南宍道,島根県
南大東,島根県
日原,島根県
日登,島根県
乃木,島根県
波根,島根県
波子,島根県
馬路,島根県
粕淵,島根県
幡屋,島根県
八川,島根県
飯浦,島根県
美談,島根県
浜原,島根県
浜山公園北口,島根県
浜田,島根県
布崎,島根県
武志,島根県
本俣賀,島根県
明塚,島根県
木次,島根県
木路原,島根県
揖屋,島根県
来待,島根県
旅伏,島根県
遙堪,島根県
お花茶屋,東京都
お台場海浜公園,東京都
すずかけ台,東京都
つくし野,東京都
つつじヶ丘,東京都
テレコムセンター,東京都
とうきょうスカイツリー,東京都
ときわ台,東京都
ひばりヶ丘,東京都
めじろ台,東京都
モノレール浜松町,東京都
阿佐ケ谷,東京都
芦花公園,東京都
綾瀬,東京都
井の頭公園,東京都
井荻,東京都
一橋学園,東京都
一之江,東京都
稲荷町,東京都
稲城,東京都
稲城長沼,東京都
羽村,東京都
羽田空港第1・第2ターミナル,東京都
羽田空港第1ターミナル,東京都
羽田空港第2ターミナル,東京都
羽田空港第3ターミナル,東京都
鵜の木,東京都
荏原中延,東京都
荏原町,東京都
曳舟,東京都
栄町,東京都
永田町,東京都
永福町,東京都
越中島,東京都
奥多摩,東京都
奥沢,東京都
押上（スカイツリー前）,東京都
押上〈スカイツリー前〉,東京都
王子,東京都
王子駅前,東京都
王子神谷,東京都
荻窪,東京都
下井草,東京都
下丸子,東京都
下高井戸,東京都
下神明,東京都
下赤塚,東京都
下板橋,東京都
下北沢,東京都
下落合,東京都
河辺,東京都
花小金井,東京都
霞ケ関,東京都
外苑前,東京都
学芸大学,東京都
学習院下,東京都
梶原,東京都
葛西,東京都
葛西臨海公園,東京都
蒲田,東京都
茅場町,東京都
岩本町,東京都
喜多見,東京都
旗の台,東京都
鬼子母神前,東京都
亀戸,東京都
亀戸水神,東京都
亀有,東京都
菊川,東京都
吉祥寺,東京都
久が原,東京都
久我山,東京都
久米川,東京都
宮の坂,東京都
宮ノ前,東京都
宮ノ平,東京都
牛込神楽坂,東京都
牛込柳町,東京都
牛田,東京都
牛浜,東京都
京王よみうりランド,東京都
京王永山,東京都
京王多摩センター,東京都
京王多摩川,東京都
京王八王子,東京都
京王片倉,東京都
京王堀之内,東京都
京急蒲田,東京都
京橋,東京都
京成曳舟,東京都
京成関屋,東京都
京成金町,東京都
京成高砂,東京都
京成小岩,東京都
京成上野,東京都
京成立石,東京都
競艇場前,東京都
狭間,東京都
玉川学園前,東京都
玉川上水,東京都
錦糸町,東京都
金町,東京都
銀座,東京都
銀座一丁目,東京都
九段下,東京都
九品仏,東京都
駒込,東京都
駒場東大前,東京都
駒沢大学,東京都
熊川,東京都
熊野前,東京都
軍畑,東京都
恵比寿,東京都
経堂,東京都
穴守稲荷,東京都
月島,東京都
見沼代親水公園,東京都
原宿,東京都
古里,東京都
戸越,東京都
戸越銀座,東京都
戸越公園,東京都
虎ノ門,東京都
虎ノ門ヒルズ,東京都
五反田,東京都
五反野,東京都
後楽園,東京都
御成門,東京都
御茶ノ水,東京都
御徒町,東京都
御嶽,東京都
御嶽山,東京都
護国寺,東京都
光が丘,東京都
向原,東京都
広尾,東京都
庚申塚,東京都
江古田,東京都
江戸川,東京都
江戸川橋,東京都
江北,東京都
甲州街道,東京都
荒川一中前,東京都
荒川区役所前,東京都
荒川七丁目,東京都
荒川車庫前,東京都
荒川二丁目,東京都
荒川遊園地前,東京都
高井戸,東京都
高円寺,東京都
高松,東京都
高田馬場,東京都
高島平,東京都
高幡不動,東京都
高尾,東京都
高尾山口,東京都
高野,東京都
高輪ゲートウェイ,東京都
高輪台,東京都
豪徳寺,東京都
麹町,東京都
国会議事堂前,東京都
国際展示場,東京都
国分寺,東京都
国立,東京都
国立競技場,東京都
国領,東京都
狛江,東京都
根津,東京都
砂川七番,東京都
鷺ノ宮,東京都
桜街道,東京都
桜上水,東京都
桜新町,東京都
桜台,東京都
桜田門,東京都
笹塚,東京都
雑司が谷,東京都
雑色,東京都
鮫洲,東京都
三ノ輪,東京都
三ノ輪橋,東京都
三越前,東京都
三河島,東京都
三軒茶屋,東京都
三鷹,東京都
三鷹台,東京都
三田,東京都
参宮橋,東京都
山下,東京都
山田,東京都
四ツ谷,東京都
四ツ木,東京都
四谷三丁目,東京都
市ヶ谷,東京都
市ケ谷,東京都
市場前,東京都
志村坂上,東京都
志村三丁目,東京都
志茂,東京都
自由が丘,東京都
汐留,東京都
篠崎,東京都
柴崎,東京都
柴崎体育館,東京都
柴又,東京都
芝浦ふ頭,東京都
芝公園,東京都
舎人,東京都
舎人公園,東京都
若松河田,東京都
若林,東京都
秋川,東京都
秋津,東京都
秋葉原,東京都
住吉,東京都
十条,東京都
渋谷,東京都
春日,東京都
初台,東京都
曙橋,東京都
勝どき,東京都
小岩,東京都
小宮,東京都
小作,東京都
小菅,東京都
小川,東京都
小川町,東京都
小村井,東京都
小台,東京都
小竹向原,東京都
小伝馬町,東京都
小田急永山,東京都
小田急多摩センター,東京都
小平,東京都
昭島,東京都
昭和島,東京都
松が谷,東京都
松陰神社前,東京都
松原,東京都
沼袋,東京都
沼部,東京都
鐘ヶ淵,東京都
上井草,東京都
上石神井,東京都
上中里,東京都
上町,東京都
上板橋,東京都
上北台,東京都
上北沢,東京都
上野,東京都
上野御徒町,東京都
上野広小路,東京都
上野毛,東京都
信濃町,東京都
新井薬師前,東京都
新橋,東京都
新御茶ノ水,東京都
新御徒町,東京都
新庚申塚,東京都
新江古田,東京都
新高円寺,東京都
新高島平,東京都
新桜台,東京都
新三河島,東京都
新柴又,東京都
新秋津,東京都
新宿,東京都
新宿御苑前,東京都
新宿三丁目,東京都
新宿西口,東京都
新小岩,東京都
新小金井,東京都
新小平,東京都
新整備場,東京都
新線新宿,東京都
新代田,東京都
新大久保,東京都
新大塚,東京都
新中野,東京都
新日本橋,東京都
新馬場,東京都
新板橋,東京都
新富町,東京都
新豊洲,東京都
新木場,東京都
森下,東京都
神楽坂,東京都
神泉,東京都
神谷町,東京都
神田,東京都
神保町,東京都
人形町,東京都
水天宮前,東京都
水道橋,東京都
瑞江,東京都
世田谷,東京都
世田谷代田,東京都
是政,東京都
成城学園前,東京都
成瀬,東京都
成増,東京都
整備場,東京都
清澄白河,東京都
清瀬,東京都
聖蹟桜ヶ丘,東京都
西ケ原,東京都
西ヶ原四丁目,東京都
西永福,東京都
西荻窪,東京都
西葛西,東京都
西高島平,東京都
西国分寺,東京都
西国立,東京都
西小山,東京都
西新井,東京都
西新井大師西,東京都
西新宿,東京都
西新宿五丁目,東京都
西早稲田,東京都
西巣鴨,東京都
西太子堂,東京都
西台,東京都
西大井,東京都
西大島,東京都
西調布,東京都
西日暮里,東京都
西馬込,東京都
西八王子,東京都
西府,東京都
西武園,東京都
西武新宿,東京都
西武柳沢,東京都
西武立川,東京都
西立川,東京都
青井,東京都
青海,東京都
青山一丁目,東京都
青砥,東京都
青梅,東京都
青梅街道,東京都
青物横丁,東京都
石神井公園,東京都
石神前,東京都
石川台,東京都
赤羽,東京都
赤羽岩淵,東京都
赤羽橋,東京都
赤坂,東京都
赤坂見附,東京都
赤土小学校前,東京都
雪が谷大塚,東京都
仙川,東京都
千歳烏山,東京都
千歳船橋,東京都
千住大橋,東京都
千石,東京都
千川,東京都
千駄ケ谷,東京都
千駄木,東京都
千鳥町,東京都
川井,東京都
扇大橋,東京都
泉岳寺,東京都
泉体育館,東京都
浅草,東京都
浅草橋,東京都
洗足,東京都
洗足池,東京都
船堀,東京都
祖師ヶ谷大蔵,東京都
早稲田,東京都
巣鴨,東京都
巣鴨新田,東京都
相原,東京都
蔵前,東京都
足立小台,東京都
多摩センター,東京都
多摩境,東京都
多摩湖,東京都
多摩川,東京都
多摩動物公園,東京都
多磨,東京都
多磨霊園,東京都
代々木,東京都
代々木公園,東京都
代々木上原,東京都
代々木八幡,東京都
代官山,東京都
代田橋,東京都
台場,東京都
大井競馬場前,東京都
大井町,東京都
大岡山,東京都
大久保,東京都
大崎,東京都
大崎広小路,東京都
大山,東京都
大師前,東京都
大手町,東京都
大森,東京都
大森海岸,東京都
大森町,東京都
大泉学園,東京都
大鳥居,東京都
大塚,東京都
大塚・帝京大学,東京都
大塚駅前,東京都
大島,東京都
大門,東京都
鷹の台,東京都
滝野川一丁目,東京都
沢井,東京都
辰巳,東京都
谷在家,東京都
谷保,東京都
淡路町,東京都
地下鉄成増,東京都
地下鉄赤塚,東京都
池ノ上,東京都
池上,東京都
池尻大橋,東京都
池袋,東京都
築地,東京都
築地市場,東京都
竹ノ塚,東京都
竹橋,東京都
竹芝,東京都
中井,東京都
中延,東京都
中央大学・明星大学,東京都
中河原,東京都
中神,東京都
中村橋,東京都
中板橋,東京都
中目黒,東京都
中野,東京都
中野坂上,東京都
中野新橋,東京都
中野富士見町,東京都
仲御徒町,東京都
潮見,東京都
町屋,東京都
町屋駅前,東京都
町屋二丁目,東京都
町田,東京都
調布,東京都
長原,東京都
長沼,東京都
椎名町,東京都
鶴川,東京都
程久保,東京都
天王洲アイル,東京都
天空橋,東京都
田園調布,東京都
田原町,東京都
田端,東京都
田町,東京都
田無,東京都
都庁前,東京都
都電雑司ヶ谷,東京都
都立家政,東京都
都立大学,東京都
唐木田,東京都
東あずま,東京都
東雲,東京都
東久留米,東京都
東京,東京都
東京テレポート,東京都
東京ビッグサイト,東京都
東京国際クルーズターミナル,東京都
東銀座,東京都
東向島,東京都
東高円寺,東京都
東秋留,東京都
東十条,東京都
東小金井,東京都
東松原,東京都
東新宿,東京都
東青梅,東京都
東村山,東京都
東大前,東京都
東大島,東京都
東大和市,東京都
東池袋,東京都
東池袋四丁目,東京都
東中神,東京都
東中野,東京都
東長崎,東京都
東日本橋,東京都
東尾久三丁目,東京都
東府中,東京都
東武練馬,東京都
東伏見,東京都
東福生,東京都
東北沢,東京都
東陽町,東京都
湯島,東京都
等々力,東京都
内幸町,東京都
南阿佐ケ谷,東京都
南砂町,東京都
南新宿,東京都
南千住,東京都
南多摩,東京都
南大沢,東京都
南町田グランベリーパーク,東京都
南平,東京都
二子玉川,東京都
二重橋前,東京都
二俣尾,東京都
日の出,東京都
日向和田,東京都
日比谷,東京都
日暮里,東京都
日本橋,東京都
日野,東京都
入谷,東京都
乃木坂,東京都
馬喰横山,東京都
馬喰町,東京都
馬込,東京都
拝島,東京都
梅ヶ丘,東京都
梅屋敷,東京都
梅島,東京都
萩山,東京都
白丸,東京都
白金高輪,東京都
白金台,東京都
白山,東京都
白糸台,東京都
箱根ケ崎,東京都
幡ヶ谷,東京都
八王子,東京都
八王子みなみ野,東京都
八広,東京都
八坂,東京都
八丁堀,東京都
八幡山,東京都
鳩ノ巣,東京都
半蔵門,東京都
板橋,東京都
板橋区役所前,東京都
板橋本町,東京都
飯田橋,東京都
飛鳥山,東京都
飛田給,東京都
尾久,東京都
尾山台,東京都
百草園,東京都
氷川台,東京都
表参道,東京都
品川,東京都
品川シーサイド,東京都
浜松町,東京都
浜町,東京都
浜田山,東京都
不動前,東京都
富士見ヶ丘,東京都
富士見台,東京都
布田,東京都
府中,東京都
府中競馬正門前,東京都
府中本町,東京都
浮間舟渡,東京都
武蔵引田,東京都
武蔵関,東京都
武蔵境,東京都
武蔵五日市,東京都
武蔵砂川,東京都
武蔵小金井,東京都
武蔵小山,東京都
武蔵新田,東京都
武蔵増戸,東京都
武蔵大和,東京都
武蔵野台,東京都
福生,東京都
分倍河原,東京都
平井,東京都
平山城址公園,東京都
平和台,東京都
平和島,東京都
片倉,東京都
保谷,東京都
宝町,東京都
方南町,東京都
豊洲,東京都
豊田,東京都
豊島園,東京都
北綾瀬,東京都
北参道,東京都
北赤羽,東京都
北千住,東京都
北千束,東京都
北池袋,東京都
北八王子,東京都
北品川,東京都
北府中,東京都
北野,東京都
堀切,東京都
堀切菖蒲園,東京都
本郷三丁目,東京都
本駒込,東京都
本所吾妻橋,東京都
本蓮沼,東京都
麻布十番,東京都
末広町,東京都
万願寺,東京都
明治神宮前〈原宿〉,東京都
明大前,東京都
面影橋,東京都
木場,東京都
目黒,東京都
目白,東京都
門前仲町,東京都
野方,東京都
矢口渡,東京都
矢川,東京都
矢野口,東京都
有楽町,東京都
有明,東京都
有明テニスの森,東京都
祐天寺,東京都
用賀,東京都
要町,東京都
落合,東京都
落合南長崎,東京都
立会川,東京都
立川,東京都
立川南,東京都
立川北,東京都
立飛,東京都
流通センター,東京都
溜池山王,東京都
両国,東京都
緑が丘,東京都
恋ヶ窪,東京都
練馬,東京都
練馬高野台,東京都
練馬春日町,東京都
蓮根,東京都
蓮沼,東京都
六郷土手,東京都
六町,東京都
六本木,東京都
六本木一丁目,東京都
和泉多摩川,東京都
糀谷,東京都
茗荷谷,東京都
鶯谷,東京都
阿南,徳島県
阿波加茂,徳島県
阿波海南,徳島県
阿波橘,徳島県
阿波山川,徳島県
阿波赤石,徳島県
阿波川口,徳島県
阿波川端,徳島県
阿波川島,徳島県
阿波大宮,徳島県
阿波大谷,徳島県
阿波池田,徳島県
阿波中島,徳島県
阿波半田,徳島県
阿波富田,徳島県
阿波福井,徳島県
鮎喰,徳島県
羽ノ浦,徳島県
下浦,徳島県
海部,徳島県
学,徳島県
鴨島,徳島県
吉成,徳島県
牛島,徳島県
教会前,徳島県
金比羅前,徳島県
桑野,徳島県
穴吹,徳島県
見能林,徳島県
江口,徳島県
佐古,徳島県
鯖瀬,徳島県
三加茂,徳島県
三縄,徳島県
山河内,徳島県
山瀬,徳島県
宍喰,徳島県
勝瑞,徳島県
小島,徳島県
小歩危,徳島県
新野,徳島県
西原,徳島県
西麻植,徳島県
石井,徳島県
川田,徳島県
浅川,徳島県
祖谷口,徳島県
蔵本,徳島県
大歩危,徳島県
地蔵橋,徳島県
池谷,徳島県
中田,徳島県
佃,徳島県
辻,徳島県
坪尻,徳島県
貞光,徳島県
田井ノ浜,徳島県
徳島,徳島県
南小松島,徳島県
二軒屋,徳島県
日和佐,徳島県
箸蔵,徳島県
板東,徳島県
板野,徳島県
府中,徳島県
撫養,徳島県
文化の森,徳島県
辺川,徳島県
北河内,徳島県
麻植塚,徳島県
牟岐,徳島県
鳴門,徳島県
木岐,徳島県
由岐,徳島県
立江,徳島県
立道,徳島県
あしかがフラワーパーク,栃木県
おもちゃのまち,栃木県
かしの森公園前,栃木県
グリーンスタジアム前,栃木県
ゆいの杜西,栃木県
ゆいの杜中央,栃木県
ゆいの杜東,栃木県
安塚,栃木県
宇都宮,栃木県
宇都宮駅東口,栃木県
宇都宮大学陽東キャンパス,栃木県
烏山,栃木県
益子,栃木県
駅東公園前,栃木県
岡本,栃木県
下今市,栃木県
下小代,栃木県
下野花岡,栃木県
下野大沢,栃木県
家中,栃木県
葛生,栃木県
蒲須坂,栃木県
間々田,栃木県
間藤,栃木県
岩舟,栃木県
鬼怒川温泉,栃木県
鬼怒川公園,栃木県
吉水,栃木県
久下田,栃木県
県,栃木県
原向,栃木県
江曽島,栃木県
高久,栃木県
鴻野山,栃木県
合戦場,栃木県
国谷,栃木県
黒磯,栃木県
黒田原,栃木県
今市,栃木県
佐野,栃木県
佐野市,栃木県
笹原田,栃木県
山前,栃木県
市塙,栃木県
思川,栃木県
氏家,栃木県
寺内,栃木県
自治医大,栃木県
鹿沼,栃木県
七井,栃木県
小金井,栃木県
小佐越,栃木県
小山,栃木県
小塙,栃木県
小俣,栃木県
上今市,栃木県
上三依塩原温泉口,栃木県
新高徳,栃木県
新鹿沼,栃木県
新大平下,栃木県
新藤原,栃木県
新栃木,栃木県
真岡,栃木県
仁井田,栃木県
壬生,栃木県
雀宮,栃木県
清原地区市民センター前,栃木県
清陵高校前,栃木県
西川田,栃木県
西田井,栃木県
西那須野,栃木県
静和,栃木県
石橋,栃木県
川治温泉,栃木県
川治湯元,栃木県
足尾,栃木県
足利,栃木県
足利市,栃木県
多田,栃木県
多田羅,栃木県
大金,栃木県
大桑,栃木県
大谷向,栃木県
大平下,栃木県
滝,栃木県
男鹿高原,栃木県
中三依温泉,栃木県
通洞,栃木県
鶴田,栃木県
天矢場,栃木県
田沼,栃木県
田島,栃木県
東宿郷,栃木県
東武ワールドスクウェア,栃木県
東武宇都宮,栃木県
東武金崎,栃木県
東武日光,栃木県
東武和泉,栃木県
湯西川温泉,栃木県
藤岡,栃木県
栃木,栃木県
那須塩原,栃木県
南宇都宮,栃木県
日光,栃木県
板荷,栃木県
飛山城跡,栃木県
富田,栃木県
福居,栃木県
文挟,栃木県
平石,栃木県
平石中央小学校前,栃木県
片岡,栃木県
宝積寺,栃木県
峰,栃木県
芳賀・高根沢工業団地,栃木県
芳賀台,栃木県
芳賀町工業団地管理センター前,栃木県
豊原,栃木県
北山,栃木県
北鹿沼,栃木県
北真岡,栃木県
堀米,栃木県
明神,栃木県
茂木,栃木県
野崎,栃木県
野州山辺,栃木県
野州大塚,栃木県
野州平川,栃木県
野木,栃木県
矢板,栃木県
陽東3丁目,栃木県
龍王峡,栃木県
楡木,栃木県
樅山,栃木県
ＪＲ五位堂,奈良県
ファミリー公園前,奈良県
一分,奈良県
越部,奈良県
王寺,奈良県
岡寺,奈良県
下市口,奈良県
霞ヶ丘,奈良県
学園前,奈良県
学研奈良登美ヶ丘,奈良県
学研北生駒,奈良県
笠縫,奈良県
橿原神宮西口,奈良県
橿原神宮前,奈良県
葛,奈良県
巻向,奈良県
関屋,奈良県
吉野,奈良県
吉野口,奈良県
吉野神宮,奈良県
京終,奈良県
玉手,奈良県
近鉄下田,奈良県
近鉄郡山,奈良県
近鉄御所,奈良県
近鉄新庄,奈良県
近鉄奈良,奈良県
金橋,奈良県
九条,奈良県
郡山,奈良県
結崎,奈良県
元山上口,奈良県
五位堂,奈良県
五条,奈良県
御所,奈良県
香久山,奈良県
香芝,奈良県
高の原,奈良県
高田,奈良県
高田市,奈良県
黒田,奈良県
佐味田川,奈良県
菜畑,奈良県
桜井,奈良県
三郷,奈良県
三本松,奈良県
三輪,奈良県
市尾,奈良県
志都美,奈良県
耳成,奈良県
室生口大野,奈良県
尺土,奈良県
松塚,奈良県
菖蒲池,奈良県
信貴山下,奈良県
新ノ口,奈良県
新王寺,奈良県
新大宮,奈良県
榛原,奈良県
真菅,奈良県
畝傍,奈良県
畝傍御陵前,奈良県
勢野北口,奈良県
生駒,奈良県
生駒山上,奈良県
西ノ京,奈良県
西田原本,奈良県
石見,奈良県
前栽,奈良県
帯解,奈良県
大阿太,奈良県
大福,奈良県
大輪田,奈良県
大和高田,奈良県
大和小泉,奈良県
大和上市,奈良県
大和新庄,奈良県
大和西大寺,奈良県
大和朝倉,奈良県
大和二見,奈良県
大和八木,奈良県
但馬,奈良県
池部,奈良県
築山,奈良県
長谷寺,奈良県
長柄,奈良県
鳥居前,奈良県
天理,奈良県
田原本,奈良県
東山,奈良県
東生駒,奈良県
当麻寺,奈良県
筒井,奈良県
奈良,奈良県
南生駒,奈良県
二階堂,奈良県
二上,奈良県
二上山,奈良県
二上神社口,奈良県
尼ヶ辻,奈良県
忍海,奈良県
梅屋敷,奈良県
萩の台,奈良県
白庭台,奈良県
箸尾,奈良県
畠田,奈良県
八木西口,奈良県
磐城,奈良県
飛鳥,奈良県
富雄,奈良県
浮孔,奈良県
福神,奈良県
平群,奈良県
平城,奈良県
平城山,奈良県
平端,奈良県
宝山寺,奈良県
法隆寺,奈良県
坊城,奈良県
北宇智,奈良県
薬水,奈良県
柳本,奈良県
竜田川,奈良県
六田,奈良県
壺阪山,奈良県
掖上,奈良県
櫟本,奈良県
インテック本社前,富山県
オークスカナルパークホテル富山前,富山県
グランドプラザ前,富山県
トヨタモビリティ富山 Gスクエア五福前,富山県
愛本,富山県
旭ヶ丘,富山県
粟島（大阪屋ショップ前）,富山県
安野屋,富山県
稲荷町,富山県
宇奈月,富山県
宇奈月温泉,富山県
雨晴,富山県
浦山,富山県
栄町,富山県
越ノ潟,富山県
越中荏原,富山県
越中宮崎,富山県
越中国分,富山県
越中三郷,富山県
越中山田,富山県
越中舟橋,富山県
越中泉,富山県
越中大門,富山県
越中中川,富山県
越中中村,富山県
越中中島,富山県
越中八尾,富山県
榎町,富山県
奥田中学校前,富山県
横江,富山県
荻生,富山県
荻布,富山県
音沢,富山県
下奥井,富山県
下段,富山県
下立,富山県
下立口,富山県
海王丸,富山県
開発,富山県
滑川,富山県
釜ヶ淵,富山県
丸の内,富山県
岩瀬浜,富山県
岩峅寺,富山県
吉久,富山県
急患医療センター前,富山県
魚津,富山県
競輪場前,富山県
経田,富山県
月岡,富山県
犬島新町,富山県
県庁前,富山県
戸出,富山県
五百石,富山県
呉羽,富山県
広貫堂前,富山県
広小路,富山県
江尻,富山県
荒町,富山県
高岡,富山県
高岡やぶなみ,富山県
高岡駅,富山県
高儀,富山県
国際会議場前,富山県
黒薙,富山県
黒部,富山県
坂下町,富山県
桜橋,富山県
笹津,富山県
市民病院前,富山県
志貴野中学校前,富山県
寺田,富山県
若栗,富山県
小杉,富山県
小泉町,富山県
庄川口,富山県
鐘釣,富山県
上市,富山県
上滝,富山県
上堀,富山県
上本町,富山県
城川原,富山県
城端,富山県
新吉久,富山県
新宮川,富山県
新魚津,富山県
新高岡,富山県
新黒部,富山県
新庄田中,富山県
新相ノ木,富山県
新町口,富山県
新能町,富山県
新富山口,富山県
新富町,富山県
諏訪川原,富山県
水橋,富山県
生地,富山県
西加積,富山県
西滑川,富山県
西魚津,富山県
西高岡,富山県
西中野,富山県
西町,富山県
西入善,富山県
西富山,富山県
石動,富山県
舌山,富山県
千垣,富山県
千里,富山県
早月加積,富山県
相ノ木,富山県
速星,富山県
大手モール,富山県
大庄,富山県
大川寺,富山県
大泉,富山県
大町,富山県
第一イン新湊 クロスベイ前,富山県
沢中山,富山県
地鉄ビル前,富山県
稚子塚,富山県
中加積,富山県
中滑川,富山県
中新湊,富山県
中町（西町北）,富山県
中伏木,富山県
猪谷,富山県
朝菜町,富山県
長屋,富山県
田添,富山県
電気ビル前,富山県
電鉄魚津,富山県
電鉄黒部,富山県
電鉄石田,富山県
電鉄富山,富山県
電鉄富山駅・エスタ前,富山県
砺波,富山県
島尾,富山県
東滑川,富山県
東岩瀬,富山県
東三日市,富山県
東新庄,富山県
東新湊,富山県
東石黒,富山県
東八尾,富山県
東富山,富山県
東野尻,富山県
栃屋,富山県
内山,富山県
南富山,富山県
南富山駅前,富山県
二塚,富山県
入善,富山県
能町,富山県
能町口,富山県
萩浦小学校前,富山県
泊,富山県
氷見,富山県
浜加積,富山県
不二越,富山県
婦中鵜坂,富山県
富山,富山県
富山駅,富山県
富山大学前,富山県
布市,富山県
伏木,富山県
福岡,富山県
福光,富山県
福野,富山県
米島口,富山県
片原町,富山県
堀川小泉,富山県
本宮,富山県
末広町,富山県
油田,富山県
有峰口,富山県
立山,富山県
龍谷富山高校前（永楽町）,富山県
林,富山県
蓮町（馬場記念公園前）,富山県
六渡寺,富山県
楡原,富山県
欅平,富山県
あわら湯のまち,福井県
サンドーム西,福井県
スポーツ公園,福井県
たけふ新,福井県
ハーモニーホール,福井県
ベル前,福井県
まつもと町屋,福井県
芦原温泉,福井県
粟野,福井県
一乗谷,福井県
永平寺口,福井県
越前下山,福井県
越前花堂,福井県
越前開発,福井県
越前高田,福井県
越前新保,福井県
越前大宮,福井県
越前大野,福井県
越前竹原,福井県
越前田野,福井県
越前島橋,福井県
越前東郷,福井県
越前富田,福井県
越前野中,福井県
越前薬師,福井県
王子保,福井県
下志比,福井県
下兵庫こうふく,福井県
下唯野,福井県
加斗,福井県
家久,福井県
花堂,福井県
柿ケ島,福井県
観音町,福井県
丸岡,福井県
気山,福井県
牛ケ原,福井県
牛ノ谷,福井県
九頭竜湖,福井県
計石,福井県
光明寺,福井県
江端,福井県
轟,福井県
今庄,福井県
細呂木,福井県
鯖江,福井県
三国,福井県
三国港,福井県
三国神社,福井県
三十八社,福井県
三松,福井県
三方,福井県
山王,福井県
市波,福井県
志比堺,福井県
若狭高浜,福井県
若狭本郷,福井県
若狭有田,福井県
若狭和田,福井県
十村,福井県
春江,福井県
勝原,福井県
勝山,福井県
商工会議所前,福井県
小舟渡,福井県
小浜,福井県
小和清水,福井県
松岡,福井県
上中,福井県
新田塚,福井県
新疋田,福井県
新福井,福井県
新平野,福井県
森田,福井県
神明,福井県
仁愛女子高校,福井県
水居,福井県
水落,福井県
勢浜,福井県
清明,福井県
西鯖江,福井県
西山公園,福井県
西春江ハートピア,福井県
西長田ゆりの里,福井県
西敦賀,福井県
西別院,福井県
青郷,福井県
赤十字前,福井県
浅水,福井県
足羽,福井県
足羽山公園口,福井県
太郎丸エンゼルランド,福井県
泰澄の里,福井県
大関,福井県
大鳥羽,福井県
大土呂,福井県
中角,福井県
鳥羽中,福井県
追分口,福井県
田原町,福井県
東小浜,福井県
東藤島,福井県
東美浜,福井県
湯尾,福井県
藤井,福井県
敦賀,福井県
敦賀港,福井県
南今庄,福井県
南条,福井県
日華化学前,福井県
八ツ島,福井県
発坂,福井県
番田,福井県
比島,福井県
美山,福井県
美浜,福井県
武生,福井県
福井,福井県
福井駅,福井県
福井口,福井県
福井城址大名町,福井県
福大前西福井,福井県
保田,福井県
北鯖江,福井県
北大野,福井県
北府,福井県
本荘,福井県
六条,福井県
鷲塚針原,福井県
あかぢ,福岡県
うきは,福岡県
ししぶ,福岡県
スペースワールド,福岡県
ノーフォーク広場,福岡県
ふれあい生力,福岡県
安武,福岡県
安部山公園,福岡県
鞍手,福岡県
伊賀,福岡県
井尻,福岡県
一貴山,福岡県
一本松,福岡県
宇島,福岡県
宇美,福岡県
羽犬塚,福岡県
浦田,福岡県
永犬丸,福岡県
遠賀川,福岡県
遠賀野,福岡県
塩塚,福岡県
奥洞海,福岡県
下伊田,福岡県
下鴨生,福岡県
下山門,福岡県
下曽根,福岡県
下大利,福岡県
加布里,福岡県
花見,福岡県
花畑,福岡県
賀茂,福岡県
海ノ中道,福岡県
海老津,福岡県
開,福岡県
貝塚,福岡県
柿下温泉口,福岡県
学校前,福岡県
蒲池,福岡県
苅田,福岡県
感田,福岡県
歓遊舎ひこさん,福岡県
甘木,福岡県
関門海峡めかり,福岡県
雁ノ巣,福岡県
企救丘,福岡県
希望が丘高校前,福岡県
祇園,福岡県
吉塚,福岡県
吉富,福岡県
吉野,福岡県
久留米,福岡県
久留米高校前,福岡県
久留米大学前,福岡県
宮の陣,福岡県
宮地岳,福岡県
朽網,福岡県
競馬場前,福岡県
教育大前,福岡県
橋本,福岡県
金山,福岡県
金田,福岡県
金島,福岡県
銀水,福岡県
九産大前,福岡県
九州工大前,福岡県
九州鉄道記念館,福岡県
九大学研都市,福岡県
九郎原,福岡県
櫛原,福岡県
櫛田神社前,福岡県
熊西,福岡県
桂川,福岡県
穴生,福岡県
犬塚,福岡県
原町,福岡県
原田,福岡県
源じいの森,福岡県
古賀,福岡県
古賀ゴルフ場前,福岡県
古賀茶屋,福岡県
呼野,福岡県
戸畑,福岡県
五郎丸,福岡県
呉服町,福岡県
御井,福岡県
勾金,福岡県
江の浦,福岡県
荒木,福岡県
行橋,福岡県
香春,福岡県
香春口三萩野,福岡県
香椎,福岡県
香椎花園前,福岡県
香椎宮前,福岡県
香椎神宮,福岡県
高宮,福岡県
高田,福岡県
黒崎,福岡県
黒崎駅前,福岡県
今隈,福岡県
今宿,福岡県
今川河童,福岡県
今池,福岡県
採銅所,福岡県
犀川,福岡県
崎山,福岡県
桜坂,福岡県
桜台,福岡県
桜並木,福岡県
笹原,福岡県
雑餉隈,福岡県
三ヶ森,福岡県
三国が丘,福岡県
三沢,福岡県
三苫,福岡県
三毛門,福岡県
三潴,福岡県
山隈,福岡県
市場,福岡県
志井,福岡県
志井公園,福岡県
枝光,福岡県
糸田,福岡県
糸島高校前,福岡県
紫,福岡県
次郎丸,福岡県
鹿家,福岡県
七隈,福岡県
室見,福岡県
篠栗,福岡県
若松,福岡県
守恒,福岡県
酒殿,福岡県
周船寺,福岡県
出光美術館,福岡県
春日,福岡県
春日原,福岡県
勝野,福岡県
小郡,福岡県
小森江,福岡県
小倉,福岡県
小竹,福岡県
小波瀬西工大前,福岡県
松崎,福岡県
松山,福岡県
上伊田,福岡県
上浦,福岡県
上金田,福岡県
上三緒,福岡県
上穂波,福岡県
城戸南蔵院前,福岡県
城野,福岡県
新栄町,福岡県
新宮中央,福岡県
新原,福岡県
新田原,福岡県
新入,福岡県
新飯塚,福岡県
新豊津,福岡県
新木屋瀬,福岡県
森下,福岡県
人見,福岡県
陣原,福岡県
須恵,福岡県
須恵中央,福岡県
水巻,福岡県
水城,福岡県
瀬高,福岡県
聖マリア病院前,福岡県
西戸崎,福岡県
西黒崎,福岡県
西山,福岡県
西小倉,福岡県
西新,福岡県
西太刀洗,福岡県
西鉄久留米,福岡県
西鉄銀水,福岡県
西鉄古賀,福岡県
西鉄五条,福岡県
西鉄香椎,福岡県
西鉄小郡,福岡県
西鉄新宮,福岡県
西鉄千早,福岡県
西鉄中島,福岡県
西鉄渡瀬,福岡県
西鉄二日市,福岡県
西鉄福岡（天神）,福岡県
西鉄福間,福岡県
西鉄平尾,福岡県
西鉄柳川,福岡県
西添田,福岡県
西牟田,福岡県
石原町,福岡県
石田,福岡県
赤,福岡県
赤間,福岡県
赤坂,福岡県
赤池,福岡県
折尾,福岡県
千早,福岡県
千代県庁口,福岡県
千鳥,福岡県
船尾,福岡県
善導寺,福岡県
倉永,福岡県
太宰府,福岡県
太刀洗,福岡県
大堰,福岡県
大橋,福岡県
大溝,福岡県
大行司,福岡県
大濠公園,福岡県
大城,福岡県
大善寺,福岡県
大入,福岡県
大板井,福岡県
大保,福岡県
大牟田,福岡県
大野城,福岡県
大藪,福岡県
旦過,福岡県
端間,福岡県
池尻,福岡県
築城,福岡県
竹下,福岡県
筑後吉井,福岡県
筑後船小屋,福岡県
筑後草野,福岡県
筑後大石,福岡県
筑紫,福岡県
筑前垣生,福岡県
筑前岩屋,福岡県
筑前山家,福岡県
筑前山手,福岡県
筑前庄内,福岡県
筑前植木,福岡県
筑前深江,福岡県
筑前前原,福岡県
筑前大分,福岡県
筑前内野,福岡県
筑豊香月,福岡県
筑豊中間,福岡県
筑豊直方,福岡県
茶山,福岡県
中間,福岡県
中洲川端,福岡県
中泉,福岡県
朝倉街道,福岡県
長者原,福岡県
直方,福岡県
津屋崎,福岡県
津古,福岡県
津福,福岡県
椎田,福岡県
通谷,福岡県
天神,福岡県
天神南,福岡県
天道,福岡県
天拝山,福岡県
添田,福岡県
田主丸,福岡県
田川伊田,福岡県
田川後藤寺,福岡県
田川市立病院,福岡県
渡瀬,福岡県
渡辺通,福岡県
都府楼前,福岡県
都府楼南,福岡県
土井,福岡県
唐の原,福岡県
唐人町,福岡県
東甘木,福岡県
東郷,福岡県
東犀川三四郎,福岡県
東水巻,福岡県
東中間,福岡県
東比恵,福岡県
東福間,福岡県
藤ノ木,福岡県
藤崎,福岡県
藤棚,福岡県
徳益,福岡県
徳力公団前,福岡県
徳力嵐山口,福岡県
奈多,福岡県
内田,福岡県
南久留米,福岡県
南行橋,福岡県
南小倉,福岡県
南瀬高,福岡県
南直方御殿口,福岡県
南福岡,福岡県
楠橋,福岡県
二島,福岡県
二日市,福岡県
波多江,福岡県
馬出九大病院前,福岡県
馬田,福岡県
梅林,福岡県
萩原,福岡県
博多,福岡県
博多南,福岡県
白木原,福岡県
箱崎,福岡県
箱崎宮前,福岡県
箱崎九大前,福岡県
八丁牟田,福岡県
八幡,福岡県
飯塚,福岡県
美咲が丘,福岡県
美夜古泉,福岡県
彦山,福岡県
舞松原,福岡県
福岡空港,福岡県
福間,福岡県
福吉,福岡県
福工大前,福岡県
福大前,福岡県
平和通,福岡県
別府,福岡県
片野,福岡県
宝珠山,福岡県
豊前松江,福岡県
豊前川崎,福岡県
豊前大熊,福岡県
豊前桝田,福岡県
豊津,福岡県
北方,福岡県
北野,福岡県
本郷,福岡県
本城,福岡県
味坂,福岡県
名島,福岡県
姪浜,福岡県
木屋瀬,福岡県
門司,福岡県
門司港,福岡県
門松,福岡県
野芥,福岡県
矢加部,福岡県
薬院,福岡県
薬院大通,福岡県
油須原,福岡県
柚須,福岡県
令和コスタ行橋,福岡県
六本松,福岡県
和白,福岡県
糒,福岡県
鯰田,福岡県
Jヴィレッジ,福島県
あまや,福島県
いわき,福島県
ふるさと公園,福島県
やながわ希望の森公園前,福島県
芦ノ牧温泉,福島県
芦ノ牧温泉南,福島県
安子ケ島,福島県
安積永盛,福島県
安達,福島県
伊達,福島県
医王寺前,福島県
姥堂,福島県
塩川,福島県
翁島,福島県
荻野,福島県
卸町,福島県
夏井,福島県
花水坂,福島県
会津越川,福島県
会津塩沢,福島県
会津横田,福島県
会津下郷,福島県
会津蒲生,福島県
会津宮下,福島県
会津荒海,福島県
会津高原尾瀬口,福島県
会津高田,福島県
会津坂下,福島県
会津坂本,福島県
会津山村道場,福島県
会津若松,福島県
会津水沼,福島県
会津西方,福島県
会津川口,福島県
会津大塩,福島県
会津中川,福島県
会津長野,福島県
会津田島,福島県
会津桧原,福島県
会津豊川,福島県
会津本郷,福島県
会津柳津,福島県
貝田,福島県
兜,福島県
関都,福島県
岩代清水,福島県
喜久田,福島県
喜多方,福島県
久ノ浜,福島県
久田野,福島県
笈川,福島県
郷戸,福島県
鏡石,福島県
近津,福島県
金谷川,福島県
駒ケ嶺,福島県
桑折,福島県
郡山,福島県
郡山富田,福島県
原ノ町,福島県
五百川,福島県
向瀬上,福島県
広田,福島県
広野,福島県
江田,福島県
高子,福島県
根岸,福島県
桜水,福島県
笹谷,福島県
笹木野,福島県
三春,福島県
山都,福島県
四ツ倉,福島県
鹿島,福島県
七ヶ岳登山口,福島県
七日町,福島県
若宮,福島県
小塩江,福島県
小高,福島県
小川郷,福島県
小野新町,福島県
松川,福島県
上戸,福島県
上松川,福島県
上保原,福島県
上野尻,福島県
植田,福島県
新地,福島県
新鶴,福島県
新田,福島県
新白河,福島県
神俣,福島県
須賀川,福島県
杉田,福島県
菅谷,福島県
瀬上,福島県
西若松,福島県
赤井,福島県
赤岩,福島県
川桁,福島県
川前,福島県
川東,福島県
川辺沖,福島県
泉,福島県
泉郷,福島県
泉崎,福島県
船引,福島県
曽根田,福島県
双葉,福島県
早戸,福島県
相馬,福島県
草野,福島県
大越,福島県
大川ダム公園,福島県
大泉,福島県
大野,福島県
滝谷,福島県
只見,福島県
谷田川,福島県
中荒井,福島県
中山宿,福島県
中豊,福島県
猪苗代,福島県
猪苗代湖畔,福島県
庭坂,福島県
田子倉,福島県
田島高校前,福島県
塔のへつり,福島県
塔寺,福島県
東館,福島県
東長原,福島県
東福島,福島県
桃内,福島県
湯本,福島県
湯野上温泉,福島県
藤田,福島県
堂島,福島県
徳沢,福島県
内郷,福島県
南若松,福島県
南石井,福島県
南福島,福島県
二井田,福島県
二本松,福島県
日立木,福島県
日和田,福島県
白河,福島県
白坂,福島県
飯坂温泉,福島県
磐城守山,福島県
磐城常葉,福島県
磐城石井,福島県
磐城石川,福島県
磐城浅川,福島県
磐城太田,福島県
磐城棚倉,福島県
磐城塙,福島県
磐梯町,福島県
磐梯熱海,福島県
尾登,福島県
美術館図書館前,福島県
富岡,福島県
富野,福島県
舞木,福島県
福島,福島県
福島学院前,福島県
平野,福島県
保原,福島県
本宮,福島県
本名,福島県
末続,福島県
木戸,福島県
勿来,福島県
門田,福島県
夜ノ森,福島県
野沢,福島県
野木沢,福島県
弥五島,福島県
矢祭山,福島県
矢吹,福島県
要田,福島県
養鱒公園,福島県
里白石,福島県
竜田,福島県
梁川,福島県
浪江,福島県
アイランドセンター,兵庫県
アイランド北口,兵庫県
ウッディタウン中央,兵庫県
きりはまビーチ,兵庫県
コウノトリの郷,兵庫県
さくら夙川,兵庫県
ハーバーランド,兵庫県
はりま勝原,兵庫県
ひめじ別所,兵庫県
フラワータウン,兵庫県
ポートターミナル,兵庫県
マリンパーク,兵庫県
みなとじま,兵庫県
みなと元町,兵庫県
芦屋,兵庫県
芦屋川,兵庫県
粟生,兵庫県
伊川谷,兵庫県
伊丹,兵庫県
伊保,兵庫県
医療センター,兵庫県
一の鳥居,兵庫県
稲野,兵庫県
雲雀丘花屋敷,兵庫県
栄,兵庫県
英賀保,兵庫県
園田,兵庫県
塩屋,兵庫県
押部谷,兵庫県
横山,兵庫県
王子公園,兵庫県
岡場,兵庫県
岡本,兵庫県
下石野,兵庫県
下滝,兵庫県
加古川,兵庫県
河合西,兵庫県
河野原円心,兵庫県
花隈,兵庫県
花山,兵庫県
霞ヶ丘,兵庫県
鎧,兵庫県
学園都市,兵庫県
樫山,兵庫県
苅藻,兵庫県
甘地,兵庫県
丸山,兵庫県
岩屋,兵庫県
亀山,兵庫県
菊水山,兵庫県
逆瀬川,兵庫県
久下村,兵庫県
久崎,兵庫県
久寿川,兵庫県
久谷,兵庫県
旧居留地・大丸前,兵庫県
居組,兵庫県
魚崎,兵庫県
魚住,兵庫県
京口,兵庫県
苦楽園口,兵庫県
駒ヶ林,兵庫県
恵比須,兵庫県
畦野,兵庫県
計算科学センター（神戸どうぶつ王国・「富岳」前）,兵庫県
月見山,兵庫県
絹延橋,兵庫県
県庁前,兵庫県
元町,兵庫県
玄武洞,兵庫県
古市,兵庫県
鼓滝,兵庫県
五社,兵庫県
御影,兵庫県
御崎公園,兵庫県
御着,兵庫県
広畑,兵庫県
広野,兵庫県
広野ゴルフ場前,兵庫県
杭瀬,兵庫県
江井ヶ島,兵庫県
江原,兵庫県
溝口,兵庫県
甲子園,兵庫県
甲子園口,兵庫県
甲東園,兵庫県
甲南山手,兵庫県
甲陽園,兵庫県
荒井,兵庫県
香住,兵庫県
香櫨園,兵庫県
香呂,兵庫県
高砂,兵庫県
高速神戸,兵庫県
高速長田,兵庫県
高木,兵庫県
国府,兵庫県
国包,兵庫県
黒井,兵庫県
黒田庄,兵庫県
今津,兵庫県
佐津,兵庫県
佐用,兵庫県
妻鹿,兵庫県
坂越,兵庫県
阪神国道,兵庫県
笹部,兵庫県
三ノ宮,兵庫県
三宮,兵庫県
三宮・花時計前,兵庫県
三田,兵庫県
三田本町,兵庫県
三日月,兵庫県
三木,兵庫県
三木上の丸,兵庫県
山の街,兵庫県
山下,兵庫県
山本,兵庫県
山陽塩屋,兵庫県
山陽魚住,兵庫県
山陽須磨,兵庫県
山陽垂水,兵庫県
山陽曽根,兵庫県
山陽天満,兵庫県
山陽姫路,兵庫県
山陽明石,兵庫県
山陽網干,兵庫県
市場,兵庫県
市島,兵庫県
市民広場,兵庫県
志染,兵庫県
寺前,兵庫県
篠山口,兵庫県
柴山,兵庫県
社町,兵庫県
手柄,兵庫県
宗佐,兵庫県
洲先,兵庫県
住吉,兵庫県
夙川,兵庫県
出屋敷,兵庫県
春日野道,兵庫県
諸寄,兵庫県
小野,兵庫県
小野町,兵庫県
小林,兵庫県
上郡,兵庫県
上月,兵庫県
上沢,兵庫県
城崎温泉,兵庫県
飾磨,兵庫県
新伊丹,兵庫県
新井,兵庫県
新開地,兵庫県
新在家,兵庫県
新三田,兵庫県
新神戸,兵庫県
新西脇,兵庫県
新長田,兵庫県
新野,兵庫県
新有馬,兵庫県
深江,兵庫県
神戸,兵庫県
神戸空港,兵庫県
神戸三宮,兵庫県
神鉄道場,兵庫県
神鉄六甲,兵庫県
神野,兵庫県
人丸前,兵庫県
仁川,兵庫県
仁豊野,兵庫県
須磨,兵庫県
須磨浦公園,兵庫県
須磨海浜公園,兵庫県
須磨寺,兵庫県
垂水,兵庫県
清荒神,兵庫県
生瀬,兵庫県
生野,兵庫県
西宮,兵庫県
西宮北口,兵庫県
西宮名塩,兵庫県
西栗栖,兵庫県
西元町,兵庫県
西江井ヶ島,兵庫県
西飾磨,兵庫県
西新町,兵庫県
西神中央,兵庫県
西神南,兵庫県
西相生,兵庫県
西代,兵庫県
西灘,兵庫県
西二見,兵庫県
西這田,兵庫県
西舞子,兵庫県
西明石,兵庫県
西鈴蘭台,兵庫県
西脇市,兵庫県
青倉,兵庫県
青木,兵庫県
青野ケ原,兵庫県
石井,兵庫県
石屋川,兵庫県
石生,兵庫県
石野,兵庫県
摂津本山,兵庫県
千本,兵庫県
川西池田,兵庫県
川西能勢口,兵庫県
船町口,兵庫県
曽根,兵庫県
相生,兵庫県
相野,兵庫県
総合運動公園,兵庫県
草野,兵庫県
多田,兵庫県
太市,兵庫県
打出,兵庫県
苔縄,兵庫県
大塩,兵庫県
大開,兵庫県
大久保,兵庫県
大石,兵庫県
大倉山,兵庫県
大蔵谷,兵庫県
大村,兵庫県
大池,兵庫県
大物,兵庫県
鷹取,兵庫県
滝,兵庫県
滝の茶屋,兵庫県
滝山,兵庫県
滝野,兵庫県
谷上,兵庫県
谷川,兵庫県
丹波大山,兵庫県
丹波竹田,兵庫県
竹田,兵庫県
竹野,兵庫県
中央市場前,兵庫県
中公園,兵庫県
中山観音,兵庫県
中山寺,兵庫県
中八木,兵庫県
中埠頭,兵庫県
猪名寺,兵庫県
朝霧,兵庫県
長,兵庫県
長谷,兵庫県
長田,兵庫県
塚口,兵庫県
鶴居,兵庫県
的形,兵庫県
天和,兵庫県
田原,兵庫県
田尾寺,兵庫県
砥堀,兵庫県
土山,兵庫県
唐櫃台,兵庫県
東加古川,兵庫県
東須磨,兵庫県
東垂水,兵庫県
東二見,兵庫県
東姫路,兵庫県
東鳴尾,兵庫県
東觜崎,兵庫県
藤江,兵庫県
道場,兵庫県
道場南口,兵庫県
灘,兵庫県
南ウッディタウン,兵庫県
南魚崎,兵庫県
南公園,兵庫県
南矢代,兵庫県
二郎,兵庫県
尼崎,兵庫県
尼崎センタープール前,兵庫県
日岡,兵庫県
日生中央,兵庫県
日本へそ公園,兵庫県
播州赤穂,兵庫県
播磨横田,兵庫県
播磨下里,兵庫県
播磨高岡,兵庫県
播磨新宮,兵庫県
播磨町,兵庫県
播磨徳久,兵庫県
売布神社,兵庫県
柏原,兵庫県
白浜の宮,兵庫県
八家,兵庫県
八鹿,兵庫県
板宿,兵庫県
比延,兵庫県
備前福河,兵庫県
尾上の松,兵庫県
姫路,兵庫県
浜の宮,兵庫県
浜坂,兵庫県
武庫川,兵庫県
武庫川団地前,兵庫県
武庫之荘,兵庫県
武田尾,兵庫県
舞子,兵庫県
舞子公園,兵庫県
福崎,兵庫県
兵庫,兵庫県
平松,兵庫県
平福,兵庫県
平野,兵庫県
別所,兵庫県
別府,兵庫県
宝塚,兵庫県
宝塚南口,兵庫県
宝殿,兵庫県
法華口,兵庫県
豊岡,兵庫県
貿易センター,兵庫県
北伊丹,兵庫県
北条町,兵庫県
北埠頭,兵庫県
北鈴蘭台,兵庫県
本黒田,兵庫県
本竜野,兵庫県
摩耶,兵庫県
箕谷,兵庫県
湊川,兵庫県
湊川公園,兵庫県
妙法寺,兵庫県
夢前川,兵庫県
名谷,兵庫県
明石,兵庫県
鳴尾・武庫川女子大前,兵庫県
網引,兵庫県
網干,兵庫県
木津,兵庫県
木幡,兵庫県
門戸厄神,兵庫県
野里,兵庫県
厄神,兵庫県
有年,兵庫県
有馬温泉,兵庫県
有馬口,兵庫県
余部,兵庫県
葉多,兵庫県
養父,兵庫県
藍那,兵庫県
藍本,兵庫県
立花,兵庫県
竜野,兵庫県
梁瀬,兵庫県
緑が丘,兵庫県
林崎松江海岸,兵庫県
鈴蘭台,兵庫県
鈴蘭台西口,兵庫県
六甲,兵庫県
六甲道,兵庫県
和田山,兵庫県
和田岬,兵庫県
餘部,兵庫県
鶯の森,兵庫県
鵯越,兵庫県
あいの里教育大,北海道
あいの里公園,北海道
さっぽろ,北海道
サッポロビール庭園,北海道
すすきの,北海道
トマム,北海道
ニセコ,北海道
バスセンター前,北海道
ひばりが丘,北海道
ほしみ,北海道
ラベンダー畑,北海道
ロイズタウン,北海道
ロープウェイ入口,北海道
阿分,北海道
愛し野,北海道
愛冠,北海道
愛山,北海道
愛別,北海道
旭川,北海道
旭川四条,北海道
芦別,北海道
安牛,北海道
安国,北海道
安足間,北海道
安平,北海道
伊香牛,北海道
伊達紋別,北海道
伊納,北海道
磯分内,北海道
稲士別,北海道
稲積公園,北海道
稲穂,北海道
羽帯,北海道
鵜苫,北海道
浦臼,北海道
浦河,北海道
浦幌,北海道
栄町,北海道
永山,北海道
円山公園,北海道
遠軽,北海道
遠浅,北海道
遠矢,北海道
塩狩,北海道
塩谷,北海道
塩幌,北海道
於札内,北海道
黄金,北海道
岡女堂,北海道
荻伏,北海道
恩根内,北海道
音威子府,北海道
音別,北海道
下金山,北海道
下士別,北海道
下沼,北海道
下徳富,北海道
下白滝,北海道
歌内,北海道
花咲,北海道
芽室,北海道
絵笛,北海道
学園前,北海道
学田,北海道
掛澗,北海道
兜沼,北海道
釜谷,北海道
茅沼,北海道
環状通東,北海道
丸瀬布,北海道
岩見沢,北海道
幾寅,北海道
稀府,北海道
菊水,北海道
吉岡海底,北海道
吉堀,北海道
桔梗,北海道
久根別,北海道
宮の沢,北海道
宮越,北海道
旧白滝,北海道
魚市場通,北海道
競馬場前,北海道
境野,北海道
錦岡,北海道
琴似,北海道
近文,北海道
金華,北海道
金山,北海道
銀山,北海道
倶知安,北海道
駒ケ岳,北海道
駒場車庫前,北海道
釧路,北海道
釧路湿原,北海道
栗丘,北海道
栗山,北海道
栗沢,北海道
桑園,北海道
薫別,北海道
訓子府,北海道
恵み野,北海道
恵庭,北海道
恵比島,北海道
桂岡,北海道
桂川,北海道
桂台,北海道
月ケ岡,北海道
月寒中央,北海道
剣淵,北海道
元町,北海道
原生花園,北海道
古山,北海道
古瀬,北海道
呼人,北海道
虎杖浜,北海道
五十石,北海道
五稜郭,北海道
五稜郭公園前,北海道
御影,北海道
御崎,北海道
光珠内,北海道
厚賀,北海道
厚岸,北海道
厚床,北海道
厚内,北海道
厚別,北海道
広郷,北海道
江差,北海道
江部乙,北海道
江別,北海道
糠南,北海道
行啓通,北海道
高砂,北海道
高島,北海道
国縫,北海道
黒岩,北海道
黒松内,北海道
昆布,北海道
昆布盛,北海道
根室,北海道
佐久,北海道
砂川,北海道
細岡,北海道
咲来,北海道
崎守,北海道
桜岡,北海道
笹森,北海道
札苅,北海道
札弦,北海道
札的,北海道
札内,北海道
札比内,北海道
札幌,北海道
三川,北海道
山越,北海道
山崎,北海道
山鼻１９条,北海道
山鼻９条,北海道
山部,北海道
士別,北海道
姉別,北海道
市役所前,北海道
志文,北海道
止別,北海道
糸井,北海道
糸魚沢,北海道
資生館小学校前,北海道
自衛隊前,北海道
汐見,北海道
鹿ノ谷,北海道
鹿討,北海道
鹿部,北海道
七重浜,北海道
七飯,北海道
室蘭,北海道
篠路,北海道
舎熊,北海道
社台,北海道
尺別,北海道
手稲,北海道
朱文別,北海道
十三里,北海道
十字街,北海道
十勝清水,北海道
十弗,北海道
春立,北海道
初田牛,北海道
初野,北海道
庶路,北海道
女満別,北海道
将軍山,北海道
小沢,北海道
小樽,北海道
小樽築港,北海道
小幌,北海道
小利別,北海道
昭和橋,北海道
松風町,北海道
沼ノ沢,北海道
沼ノ端,北海道
上ノ国,北海道
上芦別,北海道
上磯,北海道
上厚内,北海道
上常呂,北海道
上川,北海道
上白滝,北海道
上尾幌,北海道
上富良野,北海道
上幌延,北海道
上幌向,北海道
上野幌,北海道
上利別,北海道
植苗,北海道
信砂,北海道
新さっぽろ,北海道
新旭川,北海道
新冠,北海道
新吉野,北海道
新琴似,北海道
新札幌,北海道
新十津川,北海道
新千歳空港,北海道
新川,北海道
新川町,北海道
新大楽毛,北海道
新道東,北海道
新得,北海道
新函館北斗,北海道
新富士,北海道
新夕張,北海道
森,北海道
森林公園,北海道
深川,北海道
深堀町,北海道
真駒内,北海道
真布,北海道
神楽岡,北海道
神明,北海道
仁山,北海道
仁木,北海道
瑞穂,北海道
杉並町,北海道
澄川,北海道
瀬越,北海道
瀬戸瀬,北海道
星置,北海道
清水沢,北海道
清川口,北海道
清畠,北海道
清里町,北海道
生田原,北海道
生野,北海道
西１１丁目,北海道
西１５丁目,北海道
西１８丁目,北海道
西２８丁目,北海道
西４丁目,北海道
西８丁目,北海道
西一線,北海道
西訓子府,北海道
西御料,北海道
西庶路,北海道
西女満別,北海道
西神楽,北海道
西瑞穂,北海道
西聖和,北海道
西線１１条,北海道
西線１４条,北海道
西線１６条,北海道
西線６条,北海道
西線９条旭山公園通,北海道
西帯広,北海道
西中,北海道
西富,北海道
西北見,北海道
西様似,北海道
西留辺蘂,北海道
西和田,北海道
青柳町,北海道
青葉,北海道
静狩,北海道
静修学園前,北海道
静内,北海道
静内海水浴場,北海道
石山通,北海道
石狩金沢,北海道
石狩月形,北海道
石狩沼田,北海道
石倉,北海道
石谷,北海道
赤井川,北海道
赤平,北海道
節婦,北海道
仙美里,北海道
千歳,北海道
千歳町,北海道
千代ケ岡,北海道
千代台,北海道
占冠,北海道
川上,北海道
川端,北海道
川湯温泉,北海道
泉沢,北海道
銭函,北海道
然別,北海道
早来,北海道
相内,北海道
藻琴,北海道
増毛,北海道
足寄,北海道
多寄,北海道
太美,北海道
太平,北海道
帯広,北海道
大楽毛,北海道
大岸,北海道
大狩部,北海道
大沼,北海道
大沼公園,北海道
大森,北海道
大成,北海道
大谷地,北海道
大中山,北海道
大町,北海道
大通,北海道
大麻,北海道
大誉地,北海道
大和田,北海道
滝ノ上,北海道
滝川,北海道
拓北,北海道
谷地頭,北海道
狸小路,北海道
端野,北海道
知床斜里,北海道
知内,北海道
知来乙,北海道
智恵文,北海道
智北,北海道
池田,北海道
池田園,北海道
稚内,北海道
置戸,北海道
竹浦,北海道
秩父別,北海道
茶志内,北海道
茶内,北海道
中ノ沢,北海道
中の島,北海道
中愛別,北海道
中央区役所前,北海道
中央図書館前,北海道
中央病院前,北海道
中斜里,北海道
中小屋,北海道
中須田,北海道
中島公園,北海道
中島公園通,北海道
中富良野,北海道
朝里,北海道
銚子口,北海道
長都,北海道
長万部,北海道
長和,北海道
直別,北海道
追分,北海道
鶴沼,北海道
天塩川温泉,北海道
天塩中川,北海道
電車事業所前,北海道
渡島砂原,北海道
渡島沼尻,北海道
渡島鶴岡,北海道
渡島当別,北海道
登別,北海道
塘路,北海道
島ノ下,北海道
島松,北海道
東旭川,北海道
東雲,北海道
東久根別,北海道
東区役所前,北海道
東釧路,北海道
東根室,北海道
東札幌,北海道
東山,北海道
東鹿越,北海道
東室蘭,北海道
東森,北海道
東静内,北海道
東相内,北海道
東滝川,北海道
東町,北海道
東追分,北海道
東屯田通,北海道
東本願寺前,北海道
東六線,北海道
湯の川,北海道
湯の川温泉,北海道
湯ノ岱,北海道
当別,北海道
当麻,北海道
藤山,北海道
洞爺,北海道
峠下,北海道
徳満,北海道
苫小牧,北海道
奈井江,北海道
南永山,北海道
南下徳富,北海道
南郷１３丁目,北海道
南郷１８丁目,北海道
南郷７丁目,北海道
南斜里,北海道
南小樽,北海道
南清水沢,北海道
南千歳,北海道
南稚内,北海道
南弟子屈,北海道
南比布,北海道
南美深,北海道
南平岸,北海道
南幌延,北海道
南本別,北海道
二股,北海道
二十四軒,北海道
日ノ出,北海道
日高三石,北海道
日高東別,北海道
日高幌別,北海道
日高門別,北海道
日進,北海道
熱郛,北海道
納内,北海道
萩野,北海道
柏木町,北海道
柏陽,北海道
柏林台,北海道
白糠,北海道
白石,北海道
白滝,北海道
白老,北海道
函館,北海道
函館アリーナ前,北海道
函館どつく前,北海道
函館駅前,北海道
箸別,北海道
八雲,北海道
八軒,北海道
発寒,北海道
発寒中央,北海道
発寒南,北海道
抜海,北海道
晩生内,北海道
比布,北海道
比羅夫,北海道
緋牛内,北海道
尾白内,北海道
尾幌,北海道
美々,北海道
美唄,北海道
美瑛,北海道
美園,北海道
美深,北海道
美馬牛,北海道
美幌,北海道
美留和,北海道
姫川,北海道
百合が原,北海道
標茶,北海道
苗穂,北海道
浜厚真,北海道
浜小清水,北海道
浜中,北海道
浜中海水浴場,北海道
浜田浦,北海道
富浦,北海道
富川,北海道
富良野,北海道
布部,北海道
武佐,北海道
風連,北海道
福住,北海道
分線,北海道
平岸,北海道
平和,北海道
別当賀,北海道
別保,北海道
穂波,北海道
母恋,北海道
宝来町,北海道
峰延,北海道
蓬栄,北海道
豊ケ岡,北海道
豊浦,北海道
豊郷,北海道
豊頃,北海道
豊住,北海道
豊沼,北海道
豊水すすきの,北海道
豊清水,北海道
豊富,北海道
豊平公園,北海道
豊幌,北海道
北１２条,北海道
北１３条東,北海道
北１８条,北海道
北２４条,北海道
北３４条,北海道
北一已,北海道
北永山,北海道
北海道医療大学,北海道
北吉原,北海道
北剣淵,北海道
北見,北海道
北光社,北海道
北広島,北海道
北舟岡,北海道
北星,北海道
北秩父別,北海道
北日ノ出,北海道
北比布,北海道
北美瑛,北海道
北浜,北海道
北豊津,北海道
堀川町,北海道
幌延,北海道
幌向,北海道
幌糠,北海道
幌南小学校前,北海道
幌平橋,北海道
幌別,北海道
本桐,北海道
本石倉,北海道
本中小屋,北海道
本別,北海道
本輪西,北海道
摩周,北海道
麻生,北海道
妹背牛,北海道
幕別,北海道
鱒浦,北海道
末広町,北海道
鵡川,北海道
名寄,北海道
名寄高校,北海道
茂尻,北海道
茂辺地,北海道
網走,北海道
木古内,北海道
目名,北海道
問寒別,北海道
紋穂内,北海道
門静,北海道
野花南,北海道
野田生,北海道
野幌,北海道
勇足,北海道
勇知,北海道
勇払,北海道
有珠,北海道
由仁,北海道
雄信内,北海道
夕張,北海道
余市,北海道
様似,北海道
様舞,北海道
落合,北海道
落石,北海道
落部,北海道
蘭越,北海道
蘭島,北海道
蘭留,北海道
利別,北海道
陸別,北海道
流山温泉,北海道
留辺蘂,北海道
留萌,北海道
緑,北海道
緑が丘,北海道
輪西,北海道
礼受,北海道
礼文,北海道
和寒,北海道
鷲ノ巣,北海道
鷲別,北海道
蕨岱,北海道
筬島,北海道
伊太祈曽,和歌山県
磯ノ浦,和歌山県
稲原,和歌山県
印南,和歌山県
宇久井,和歌山県
岡崎前,和歌山県
下井阪,和歌山県
下古沢,和歌山県
下津,和歌山県
下兵庫,和歌山県
下里,和歌山県
加太,和歌山県
加茂郷,和歌山県
海南,和歌山県
学文路,和歌山県
学門,和歌山県
笠田,和歌山県
甘露寺前,和歌山県
岩出,和歌山県
岩代,和歌山県
紀ノ川,和歌山県
紀伊,和歌山県
紀伊浦神,和歌山県
紀伊宮原,和歌山県
紀伊御坊,和歌山県
紀伊佐野,和歌山県
紀伊細川,和歌山県
紀伊山田,和歌山県
紀伊勝浦,和歌山県
紀伊小倉,和歌山県
紀伊新庄,和歌山県
紀伊神谷,和歌山県
紀伊清水,和歌山県
紀伊中ノ島,和歌山県
紀伊長田,和歌山県
紀伊天満,和歌山県
紀伊田原,和歌山県
紀伊田辺,和歌山県
紀伊内原,和歌山県
紀伊日置,和歌山県
紀伊姫,和歌山県
紀伊富田,和歌山県
紀伊有田,和歌山県
紀伊由良,和歌山県
紀見峠,和歌山県
紀三井寺,和歌山県
紀和,和歌山県
貴志,和歌山県
吉礼,和歌山県
宮前,和歌山県
橋本,和歌山県
極楽橋,和歌山県
九度山,和歌山県
隅田,和歌山県
串本,和歌山県
見老津,和歌山県
古座,和歌山県
御幸辻,和歌山県
御坊,和歌山県
交通センター前,和歌山県
広川ビーチ,和歌山県
江住,和歌山県
高野下,和歌山県
高野口,和歌山県
高野山,和歌山県
黒江,和歌山県
三輪崎,和歌山県
山東,和歌山県
市役所前,和歌山県
周参見,和歌山県
初島,和歌山県
上古沢,和歌山県
新宮,和歌山県
神前,和歌山県
西ノ庄,和歌山県
西笠田,和歌山県
西御坊,和歌山県
西山口,和歌山県
切目,和歌山県
千旦,和歌山県
船戸,和歌山県
太地,和歌山県
打田,和歌山県
大谷,和歌山県
大池遊園,和歌山県
中松江,和歌山県
中飯降,和歌山県
朝来,和歌山県
椿,和歌山県
田井ノ瀬,和歌山県
田子,和歌山県
田中口,和歌山県
田並,和歌山県
東松江,和歌山県
湯川,和歌山県
湯浅,和歌山県
藤並,和歌山県
道成寺,和歌山県
那智,和歌山県
南部,和歌山県
二里ヶ浜,和歌山県
日前宮,和歌山県
白浜,和歌山県
八幡前,和歌山県
布施屋,和歌山県
粉河,和歌山県
芳養,和歌山県
箕島,和歌山県
妙寺,和歌山県
名手,和歌山県
林間田園都市,和歌山県
冷水浦,和歌山県
六十谷,和歌山県
和歌山,和歌山県
和歌山港,和歌山県
和歌山市,和歌山県
和歌山大学前,和歌山県
和佐,和歌山県
和深,和歌山県
竈山,和歌山県
